"id","section_id","title","order_number","url","description_id"
"0176db35-a2c7-417f-996d-c5671ed6f103","e93f82ed-8eab-4625-bc54-add9f03fc6fd","Циклиране назад и вложени цикли","40","https://www.loom.com/embed/e126566e9d3f45d89948551ee3ca580e?sid=4357531a-a5b6-4895-8509-ed698a464ea1","4d64e479-1ddf-4e5f-a03d-c2f0e547f0bb"
"03adcfb7-8e8f-4de5-b72e-f568e11b9a82","b0ab7cfc-ff3f-4939-ab86-6ee10085dc4b","Добавяне на допълнителни VS Code разширения","8","https://www.loom.com/embed/77fb0e1675f04f5f91dfa12e7996a6fb?sid=d379d978-f23f-4590-a557-32663fdbb2e9","4d64e479-1ddf-4e5f-a03d-c2f0e547f0bb"
"06271e54-c377-4822-a271-ba693d64989f","9e0be2f0-c846-4d75-bef0-4eea53dc0276","Работа с класове","54","https://www.loom.com/embed/524f0dadd31749e5860d1f0be387a1e1?sid=9f93f29a-83d7-4753-a873-f766e73c102e","4d64e479-1ddf-4e5f-a03d-c2f0e547f0bb"
"0686e171-7d16-4afc-a96e-fa89e6ea85b2","e93f82ed-8eab-4625-bc54-add9f03fc6fd","Предизвикателство #8","42",,"78ab06fd-359a-42ea-b85d-793fd0ce5b26"
"0877f0ab-8832-4b14-b246-02ab817311dc","00950471-14e8-48ce-b191-4db30386af72","Наследство","14","https://www.loom.com/embed/40a04dd33ca843358f522d1cf3040cb6?sid=b18df314-ef8e-4bf1-a470-be74398da403","4d64e479-1ddf-4e5f-a03d-c2f0e547f0bb"
"09912b93-a8c6-478b-909a-4a508d5bcc9d","172a1e1e-6ea5-4223-a0e8-e443183f820b","Предимство на операторите на JavaScript","10",,"3b64cbcb-f196-4d34-b0b8-571a87eab0c0"
"0ab56cc6-7f7d-4e43-8e3d-ffde0971d705","66bd1026-a3a7-4a45-92e5-ea06b91764bf","Предизвикателство #5","34","https://www.loom.com/embed/bd3953bae6564f7f88426346a1890646?sid=63f44207-3f0f-4f78-8408-4fcb1cd3de94","f1ccb3b6-fdc1-4357-88a4-6a0ebcf1dc45"
"0af1c0ec-f115-4632-a066-a88138865a93","b254fd10-03b6-41bf-b6a7-a8e21a614ab2","Основни операции с масиви (методи)","32","https://www.loom.com/embed/c077ced42e6145de9b0fb2799642b8f0?sid=dc397438-29de-42c0-9edd-087e5cb1cb0e","4d64e479-1ddf-4e5f-a03d-c2f0e547f0bb"
"0b9596b3-027e-42c0-83df-001a370bbb91","cdb18736-9ed1-4ad9-a6d1-f623ec08ed43","Скриване и показване на формата ни","29","https://www.loom.com/embed/0e95501a138f48288f1ea83ac0881b87?sid=481934fd-e8cf-436e-9870-7df074379b43","4d64e479-1ddf-4e5f-a03d-c2f0e547f0bb"
"0e2cba28-90f1-4108-88b4-5798ed97f686","8b355045-0b41-49fd-ac9e-c4abe47e8671","Flat UI Colors","15",,"4891ab02-06de-4f3a-b560-ead6190157f6"
"0ecfb11a-7ddb-452b-a6f1-99fb6ee33400","bf7c2023-a1ce-433c-801c-750caf99ebfa","Бележка за предизвикателствата в този модул","8",,"354d133f-75c7-4f73-9be6-a25125c00900"
"0f7f3811-e838-4af5-933e-d289dbe909b5","9e0be2f0-c846-4d75-bef0-4eea53dc0276","Въведение в раздела","43","https://www.loom.com/embed/01b722b37f9e40bca52ec75b04503d81?sid=59a3f860-d429-4faf-bcbe-5b7053b68438","4d64e479-1ddf-4e5f-a03d-c2f0e547f0bb"
"0fe05620-bc1f-43df-b130-49d2f96ebb6b","172a1e1e-6ea5-4223-a0e8-e443183f820b","Препратка към JavaScript by MDN","9",,"bb63488a-42c4-4e7a-a95f-51b3bb59f327"
"107805d6-be65-4b26-8b1c-a535052fce2b","4aa4685f-519f-4512-b4b9-156246fdb5e0","Unsplash","18",,"a0583736-a3e9-4637-a04d-ad70a378b4a4"
"10c08c69-43d8-43cd-a0dd-b5d8fa142d4b","00950471-14e8-48ce-b191-4db30386af72","Стилизиране на текста","11","https://www.loom.com/embed/107e83f43c394e97932e53fac8bb90d0?sid=47a6e977-9a85-4051-b898-b5cbffc01f6f","4d64e479-1ddf-4e5f-a03d-c2f0e547f0bb"
"114ee3f6-ba5c-41f6-bea6-c54a28169ef6","8c25c482-89ab-4138-bdc3-778f6d92904e","Булева логика","16","https://www.loom.com/embed/fe47142041dd4645bd7e0a7df31be14f?sid=32760238-6461-4bd7-a4a6-0c521b90fe93","4d64e479-1ddf-4e5f-a03d-c2f0e547f0bb"
"11a207ea-e05e-4742-9aaa-026da22debf0","66bd1026-a3a7-4a45-92e5-ea06b91764bf","Умение на разработчик #1","32","https://www.loom.com/embed/8e966f63884740938aae4fa562384893?sid=86ee3a50-e29b-4b57-b007-9792f807247d","4d64e479-1ddf-4e5f-a03d-c2f0e547f0bb"
"12c0fec1-cb9d-4896-a6aa-11bccbb48a12","9b649395-a843-45bf-b3bb-849884262530","Предизвикателство #6","44","https://www.loom.com/embed/56ddbfd8f5ef423cb35c1cf2ef3896d3?sid=7f99c8af-7956-4c76-9070-a90bf2740ea9","f1ccb3b6-fdc1-4357-88a4-6a0ebcf1dc45"
"1393601a-a62e-4450-abcf-2e2be561775c","b0ab7cfc-ff3f-4939-ab86-6ee10085dc4b","Листове","3","https://www.loom.com/embed/930dcfebcc83435baad4cd25f9578dc5?sid=f72349f5-3047-49d1-ab66-9d18e467a301","4d64e479-1ddf-4e5f-a03d-c2f0e547f0bb"
"13d56662-7e84-488c-9b49-dad9b59d14ec","2b4b56cc-97fe-4211-b3e8-3c175ef37532","Предизвикателство #11","80",,"1a625369-2a05-415e-b4e9-1e610ddee15a"
"142907d9-06c9-436d-9d0f-48d3fa2b7928","2b4b56cc-97fe-4211-b3e8-3c175ef37532","Опционално свързване(?.)","72","https://www.loom.com/embed/15a40afbaebe480e9fc08facedbd6d13?sid=5b56451b-ea49-4f3f-a2a6-ef3f1653fc5a","4d64e479-1ddf-4e5f-a03d-c2f0e547f0bb"
"166826d0-25e1-409e-99fe-861323c2c207","8c25c482-89ab-4138-bdc3-778f6d92904e","Версии на JavaScript: ES5, ES6+ и ESNext","23","https://www.loom.com/embed/21473314bf9549bc990ae1cd725f10a5?sid=1ab55489-e058-4204-98b0-aa44f4da158c","4d64e479-1ddf-4e5f-a03d-c2f0e547f0bb"
"16883096-ea46-4e53-b21f-d4379f08baab","9b649395-a843-45bf-b3bb-849884262530","Портфолио проект #2 (подобряване на #1)","52","https://www.loom.com/embed/302d49a1de4449ddb33793d5c973d290?sid=4e41953f-be61-447e-94c6-627332826aef","f1ccb3b6-fdc1-4357-88a4-6a0ebcf1dc45"
"16c0a42d-e822-4c6a-8eb6-551ae0c6d0c5","13e1047d-4530-4c0a-887b-c43de1b48a19","Структуриране на приложението","8","https://www.loom.com/embed/6073f6a970ed40e39bb47bedd11a63d3?sid=451d066c-3863-4534-b437-f81d9d3baa9e","4d64e479-1ddf-4e5f-a03d-c2f0e547f0bb"
"16f88947-fb49-4a94-bf8e-f496a4ffc239","172a1e1e-6ea5-4223-a0e8-e443183f820b","Справка за събитията в JavaScript","12",,"4d31efd7-b6ac-456b-a773-20b5795b865e"
"1741bace-f731-4dd0-bef4-ecc559d1e34b","bf7c2023-a1ce-433c-801c-750caf99ebfa","Основни оператори","6","https://www.loom.com/embed/847ea7a01c1343aebb12b17e6940f913?sid=0fe78b6a-6f5c-4034-8e8c-4709deb21a10","4d64e479-1ddf-4e5f-a03d-c2f0e547f0bb"
"186be69b-1084-480d-a57c-7546e815688e","dcb2bdf7-1cb0-413a-9686-47a77c82d5c9","CSS Tricks","29",,"61f4d66d-5acd-416d-8ae5-e344f6e195ed"
"189fa804-957c-43a6-9a0b-a48274170e21","cdb18736-9ed1-4ad9-a6d1-f623ec08ed43","DOM манипулации","39","https://www.loom.com/embed/72a8fb6c17034facaf6d7e259dbb783d?sid=f9479ada-0773-47d7-8bad-831cac01acaa","4d64e479-1ddf-4e5f-a03d-c2f0e547f0bb"
"18fdb1a0-1430-4daf-bd72-1212bef89f27","bf7c2023-a1ce-433c-801c-750caf99ebfa","Свързване на JavaScript файл","3","https://www.loom.com/embed/38e49a3cea1b4c33bb57f731b51da50f?sid=08293423-ee29-4b68-a3c8-ce8aa69303d2","4d64e479-1ddf-4e5f-a03d-c2f0e547f0bb"
"19c4021d-e615-4649-ad0d-f36564a143dc","00950471-14e8-48ce-b191-4db30386af72","Какво е CSS?","10","https://www.loom.com/embed/9a8743a114d64210862222c96e51e905?sid=1b3bceef-7f50-42db-8b02-ebfa49141204","4d64e479-1ddf-4e5f-a03d-c2f0e547f0bb"
"1a576421-ebfa-4eff-897d-288d606c95d3","7f104b96-60bf-4b7f-863c-7583897b078a","Създаване на таблица и управление на политики за сигурност","27","https://www.loom.com/embed/d5520ff197cd4beda7827fc9ad3e3f8e?sid=14f6b84d-c8fc-43a0-bb92-4013e33d0da1","4d64e479-1ddf-4e5f-a03d-c2f0e547f0bb"
"1b6e2062-7e8c-4ec3-b23f-6b92e6458803","a31fdcd6-2c9e-4627-a639-9d2b5efb5074","Изглед за таблетите","85","https://www.loom.com/embed/5a8534cb433649988b4e227639cad856?sid=7f759f60-35e5-4896-a9ab-e21c40131e77","4d64e479-1ddf-4e5f-a03d-c2f0e547f0bb"
"1c3e0ebb-b64b-42d9-a9be-fdda8af9b3c2","249c6614-b5f4-458b-9837-d1f4454c974d","Позициониране на нашите изображения","61","https://www.loom.com/embed/06ab5554b4024527bcbafe3c5a3a5ecd?sid=4bb59f3e-7476-42af-9090-589fb4088544","4d64e479-1ddf-4e5f-a03d-c2f0e547f0bb"
"1d8db81c-2f4f-49b6-825d-604f9773cc46","2585dbe8-742c-440c-8bf1-fb5a7b940ab4","Как работят media заявките","55","https://www.loom.com/embed/71e4fff16f9c4ed68f686430f0f28976?sid=fb20ef99-8230-4dd8-813d-c195b80fbb70","4d64e479-1ddf-4e5f-a03d-c2f0e547f0bb"
"1f69904f-c63a-41a4-a8d1-5a2142266e07","66bd1026-a3a7-4a45-92e5-ea06b91764bf","Псевдокласове","18","https://www.loom.com/embed/961ec736225341708d27e7c17f6e8e44?sid=f2fe1b82-75f4-40cc-a06c-4711d1fe969d","4d64e479-1ddf-4e5f-a03d-c2f0e547f0bb"
"210e8c2d-ae06-479c-b487-58da39fe3150","66bd1026-a3a7-4a45-92e5-ea06b91764bf","Селектори по клас и ID","15","https://www.loom.com/embed/dc75d48e077041f5a51abd2a5f50b430?sid=3ceac647-98ff-401f-9eb9-273197c1413d","4d64e479-1ddf-4e5f-a03d-c2f0e547f0bb"
"22ec79f7-338b-4207-9736-4268dbd84b8a","efd084e0-2f8d-40d3-81c5-c0090e40a018","One Page Love","26",,"4ebea56e-69b1-4222-9db1-bfc4b3f6121c"
"2365629c-461f-4200-b6ea-bab691234f86","9b649395-a843-45bf-b3bb-849884262530","Поставяне и разтягане на елементи в Grid","48","https://www.loom.com/embed/6905e802541442008ca1b268d93ce5e8?sid=86683804-e511-4522-b193-10180730b00b","4d64e479-1ddf-4e5f-a03d-c2f0e547f0bb"
"23ab7cab-4963-4de4-a2d8-0a77213f96cd","13e1047d-4530-4c0a-887b-c43de1b48a19","Изграждане на формуляр","9","https://www.loom.com/embed/306dacdf7cf54a8689fd41303ba39d7a?sid=7cb0e777-6048-439a-b4ad-27853c182317","4d64e479-1ddf-4e5f-a03d-c2f0e547f0bb"
"23ba04bf-114d-4a31-aca1-be415657fda8","efd084e0-2f8d-40d3-81c5-c0090e40a018","Dribbble","24",,"b88f529f-4945-4884-acad-d81323498e48"
"241689b0-1e84-43f8-ba69-4c025eac63cb","9b649395-a843-45bf-b3bb-849884262530","Общ преглед на CSS Grid","46","https://www.loom.com/embed/27ddaf043e2b433584a827b6884d4a1c?sid=f873e897-3a2c-4d1d-a9cf-0bb7235aa4cd","4d64e479-1ddf-4e5f-a03d-c2f0e547f0bb"
"24811b34-1125-4938-811f-74e1ccc6238c","2b4b56cc-97fe-4211-b3e8-3c175ef37532","Оператори за логическо присвояване","68","https://www.loom.com/embed/595b18c327fb4722b3f3630fca22d97a?sid=e441b031-2b86-4359-a71f-f1846ea861a3","4d64e479-1ddf-4e5f-a03d-c2f0e547f0bb"
"253aee71-48ce-4113-a27a-d3fd5dabb349","2b4b56cc-97fe-4211-b3e8-3c175ef37532","Коя структура от данни да използвате?","79","https://www.loom.com/embed/731c17cc3aa14f7c92df57e8b09246de?sid=ddc414bd-c401-493d-859c-d02d7787c788","4d64e479-1ddf-4e5f-a03d-c2f0e547f0bb"
"25a8313f-a833-4c3b-a787-56f1773f91f7","a31fdcd6-2c9e-4627-a639-9d2b5efb5074","Въведение в проекта","69","https://www.loom.com/embed/8f045cd66eff4666a34ab71d55fd442f?sid=c217c97e-38cc-4218-90fe-72b9d00473fa","4d64e479-1ddf-4e5f-a03d-c2f0e547f0bb"
"25c8d969-7c55-4c98-8bc0-cab058e8bed6","bf7c2023-a1ce-433c-801c-750caf99ebfa","Първият ни проект","1","https://www.loom.com/embed/4abe3eac856249e588dd43693bd39dd4?sid=54d3e880-8155-4c1a-ae4e-988945e29fe0","4d64e479-1ddf-4e5f-a03d-c2f0e547f0bb"
"25fc02f3-d2d5-4ddb-9143-72b3d2c43b80","2585dbe8-742c-440c-8bf1-fb5a7b940ab4","Как да изберем точки на прекъсване","56","https://www.loom.com/embed/9697c507688e4e66b8397331caf905e3?sid=2f5be30a-a660-46d3-babf-764f04590829","4d64e479-1ddf-4e5f-a03d-c2f0e547f0bb"
"26bb712f-8f55-4cd7-ae32-5da50a37048a","66bd1026-a3a7-4a45-92e5-ea06b91764bf","Използване на Chrome DevTools","20","https://www.loom.com/embed/e9698a6414d64c13b43247822faebb13?sid=45a30b3c-c833-49e6-86b2-3e96b3a744b3","4d64e479-1ddf-4e5f-a03d-c2f0e547f0bb"
"28a58f71-7c33-4dac-8553-1865ae662cde","8c25c482-89ab-4138-bdc3-778f6d92904e","switch","19","https://www.loom.com/embed/7ae84fc62d0c4b31ad34cf9e6bd6b847?sid=a41cbca6-e03e-4f9b-94cf-bb7ef48ed453","4d64e479-1ddf-4e5f-a03d-c2f0e547f0bb"
"2a0c1e8a-021c-44b3-ae31-740546dce66d","00950471-14e8-48ce-b191-4db30386af72","Важно умение","23","https://www.loom.com/embed/2bb8eb644dbd4252948152bc0a64926f?sid=173f0cde-d8f0-4288-a888-eafddad36e34","4d64e479-1ddf-4e5f-a03d-c2f0e547f0bb"
"2b64a202-2125-419c-8b3b-7ba3f803baf9","9e0be2f0-c846-4d75-bef0-4eea53dc0276","Да упражним всичко научено. Бонус - ТЕСТ","59","https://www.loom.com/embed/4c085c5143594b0caaa973ded1ded21f?sid=7e6a19e6-acad-4389-a213-b54bee28354f","4d64e479-1ddf-4e5f-a03d-c2f0e547f0bb"
"2bc4e542-f357-4744-839a-e2376945158e","9b649395-a843-45bf-b3bb-849884262530","Свойството flex","41","https://www.loom.com/embed/45d6082a2fbe4b4da93dec3192521c36?sid=616881ec-4f3d-4be3-9169-80b86fea5ebf","4d64e479-1ddf-4e5f-a03d-c2f0e547f0bb"
"2c01c717-60ea-47a0-891e-a3d848aca0d9","9b649395-a843-45bf-b3bb-849884262530","Добавяне на Flexbox към нашия проект","42","https://www.loom.com/embed/0a52575ebbf04a36bd827310f5d1961b?sid=56e163d7-e03a-4d7b-9f7f-2a779099c66e","4d64e479-1ddf-4e5f-a03d-c2f0e547f0bb"
"2dc12874-6aaa-44ad-b0db-4766e9c95ff5","5059497f-b66d-4aa2-adfb-7bcb84c4f256","Въведение","0","https://www.loom.com/embed/55f27f6d3ed94ca79a42e3786b7611b6?sid=bc4aefef-b23a-4629-88ec-9c77e555518b","4d64e479-1ddf-4e5f-a03d-c2f0e547f0bb"
"30a9eb43-ee9f-4790-b502-ed9d01c06a13","8736c73a-5957-4407-bddb-f1d2a23eb55a","Google Fonts","14",,"2096b516-3f48-41ea-814b-538409d94ef7"
"310cd317-d9f9-49af-8d90-33a79ce66253","9b649395-a843-45bf-b3bb-849884262530","3-те начина за създаване на разпределения","37","https://www.loom.com/embed/58818971f1ce4aaab953cc76d251338e?sid=ac4f595c-557b-4978-acc5-a8ab24352b45","4d64e479-1ddf-4e5f-a03d-c2f0e547f0bb"
"31a5d9b4-2e2c-40c5-97c8-07a7b033da9b","4aa4685f-519f-4512-b4b9-156246fdb5e0","Pexels","20",,"d9fe8218-f50b-43e4-a34e-5eae5ef6ae5a"
"3366ea6f-459e-4ffe-873f-ec9416dd9866","cdb18736-9ed1-4ad9-a6d1-f623ec08ed43","filter() и find()","42","https://www.loom.com/embed/92a8ef3041b643f1943b6e760592ee4c?sid=a829a6ac-799d-4152-b9f1-1fc65ee3e733","4d64e479-1ddf-4e5f-a03d-c2f0e547f0bb"
"34679a2e-692e-4435-836a-6449b83a0700","66bd1026-a3a7-4a45-92e5-ea06b91764bf","Стилизиране на хипервръзки","19","https://www.loom.com/embed/29b6978fb1cf4fa0b5cb15bc9208b60e?sid=e366e432-ae4f-428e-91e3-01c8a224694b","4d64e479-1ddf-4e5f-a03d-c2f0e547f0bb"
"35bec28f-4473-4b18-aeb2-e45d006755c3","249c6614-b5f4-458b-9837-d1f4454c974d","Коригиране на текста (layout)","63","https://www.loom.com/embed/f61e44956d0f4de29c43dc7a67b4165c?sid=f4dac5de-3b8a-4b42-8171-89e096da9571","4d64e479-1ddf-4e5f-a03d-c2f0e547f0bb"
"36db10fc-e4bd-4dfa-9b6c-265b19fd7a73","2b4b56cc-97fe-4211-b3e8-3c175ef37532","Деструктуриране на масиви","62","https://www.loom.com/embed/c69fb1874201485e8680cc2b5c307cba?sid=5725ceb1-ff71-42e6-83a6-20dbe467ae56","4d64e479-1ddf-4e5f-a03d-c2f0e547f0bb"
"38a0686f-5410-4f28-bc7d-c71be9bb5659","9b649395-a843-45bf-b3bb-849884262530","Подравняване на елементи и тракове в Grid","49","https://www.loom.com/embed/761ebc52305f4cb096b01a19c3cd6ab8?sid=73611df7-1733-4074-99bc-f9eb7326b315","4d64e479-1ddf-4e5f-a03d-c2f0e547f0bb"
"39231b7c-28fc-4cea-ab8f-e5392aae8c67","9e0be2f0-c846-4d75-bef0-4eea53dc0276","Какво е DOM и манипулиране на DOM","45","https://www.loom.com/embed/9f25681ea43e4e4297f01bf21e8a2a2b?sid=1b23f323-425d-451f-a9bc-fd297c4c4a99","4d64e479-1ddf-4e5f-a03d-c2f0e547f0bb"
"395a54a7-70c7-4092-82cf-39bfde5158ef","249c6614-b5f4-458b-9837-d1f4454c974d","Създаване на бутон за меню","66","https://www.loom.com/embed/f113823d07a54aec930e7243ffa77e3b?sid=30c7e2bc-6c45-4d53-90fa-b93540b39213","4d64e479-1ddf-4e5f-a03d-c2f0e547f0bb"
"3a35168e-a67d-41d1-8711-32e422b51478","ac357ecf-4898-4449-9dcd-89470fc6affc","Преглед на функции","29","https://www.loom.com/embed/a4ba179977004ebeaacbeec585449aef?sid=bb56354d-4403-4293-b21b-e77416298863","4d64e479-1ddf-4e5f-a03d-c2f0e547f0bb"
"3d44baa6-2019-4dd7-90cb-3607b59f600c","263ca92b-8e8f-46ee-8af7-60b7bffd8e20","Следващи стъпки и портфолио проект #3","91","https://www.loom.com/embed/44e1f1d07cd247a78332cbe595a36ace?sid=3f719b46-b1b3-439e-98f3-ec2eb033c2d9","4d64e479-1ddf-4e5f-a03d-c2f0e547f0bb"
"3fd91a20-89bf-45a4-8fc5-394114d02401","9e0be2f0-c846-4d75-bef0-4eea53dc0276","Манипулиране на CSS стилове","49","https://www.loom.com/embed/72a9fcd67dc7408d8eb7fe32cd593884?sid=f2654431-f510-467d-8eab-8302a0236089","4d64e479-1ddf-4e5f-a03d-c2f0e547f0bb"
"4228d610-6d16-4543-bfb4-59afd3bde066","2b4b56cc-97fe-4211-b3e8-3c175ef37532","Деструктуриране на обекти","63","https://www.loom.com/embed/0b0a88db846a4b9d973d00c054a80381?sid=c1c21a75-8f93-4727-9e83-c07575fa1a5b","4d64e479-1ddf-4e5f-a03d-c2f0e547f0bb"
"4485e71b-4a13-4356-9e81-5fcec76c27e8","66bd1026-a3a7-4a45-92e5-ea06b91764bf","Теория на CSS #5: Абсолютно позициониране","30","https://www.loom.com/embed/7f66b9364d15481dbad247a1b1a0e3e0?sid=8d4d1f71-1439-479c-a8da-ee5e2aac39cf","4d64e479-1ddf-4e5f-a03d-c2f0e547f0bb"
"481341c4-a8c8-400a-8031-b22800938f5f","8b355045-0b41-49fd-ac9e-c4abe47e8671","Проверка на контраста на цветове с Coolors","17",,"6964e0bd-638e-4949-8045-e91f8f9d9157"
"483ed4f0-62d5-4290-8177-147d5fdd3cd0","9e0be2f0-c846-4d75-bef0-4eea53dc0276","Да упражним всичко научено. Стъпка 2 - CSS","57","https://www.loom.com/embed/6480b216e06949528b76d6e97f45db99?sid=b9f2f758-65c8-4254-a892-90fbaddc01cc","4d64e479-1ddf-4e5f-a03d-c2f0e547f0bb"
"497a2198-fced-4aca-bf1c-ae6a517dab27","2b4b56cc-97fe-4211-b3e8-3c175ef37532","Операторът за сливане на null стойности (??) ","67","https://www.loom.com/embed/d75a9c67c26b4e2ea3000e3939a147dd?sid=dac0519a-e942-4d80-b663-fa71333fe52f","4d64e479-1ddf-4e5f-a03d-c2f0e547f0bb"
"49f67185-2564-4a57-8e54-7e55b810eb7f","efd084e0-2f8d-40d3-81c5-c0090e40a018","Land Book","25",,"506a4a8b-90c5-425c-b141-6a7ae91d3ab6"
"4a107c9a-8c12-4ee9-a035-b5f22a3c48fa","bf7c2023-a1ce-433c-801c-750caf99ebfa","Предизвикателство #1","9",,"37650f84-ee3e-4caf-9ee1-67696af68583"
"4a755fdf-147f-4a8c-9910-4be8db77f579","9b649395-a843-45bf-b3bb-849884262530","Въведение във Flexbox 2","39","https://www.loom.com/embed/3f36fb2556d14a94846661d18724bf90?sid=285b6a41-000c-4389-9dd5-be53b77d0706","4d64e479-1ddf-4e5f-a03d-c2f0e547f0bb"
"4ae3cab7-b0b0-409e-8e12-676bc2166222","2585dbe8-742c-440c-8bf1-fb5a7b940ab4","Принципи на адаптивния (responsive) дизайн","53","https://www.loom.com/embed/e81336e530a2494897425b5e9006bd9b?sid=a36212c9-8265-4d09-afaf-740abe8f616d","4d64e479-1ddf-4e5f-a03d-c2f0e547f0bb"
"4b16b558-846d-4aa5-8e53-cb35bc3ff25f","66bd1026-a3a7-4a45-92e5-ea06b91764bf","Центриране на страницата","27","https://www.loom.com/embed/3657868f28d24cafb385b3edd422ee77?sid=9e55bbd5-3184-40ae-98bd-907d3c519331","4d64e479-1ddf-4e5f-a03d-c2f0e547f0bb"
"4be8072d-60ab-4b22-ba72-ab6acb5762d8","cdb18736-9ed1-4ad9-a6d1-f623ec08ed43","Обекти","37","https://www.loom.com/embed/3a678ec60ae04585937115962f64684e?sid=7bb847dc-f62f-4020-98d3-69de5f5379be","4d64e479-1ddf-4e5f-a03d-c2f0e547f0bb"
"4c89770c-21f5-4ddf-85ed-9766592bb803","a31fdcd6-2c9e-4627-a639-9d2b5efb5074","Добавяне на JavaScript","89","https://www.loom.com/embed/26221baccb8c44398f64d1b27fb31a36?sid=b8228301-5f8f-4aee-ae6b-96d8d606deb6","4d64e479-1ddf-4e5f-a03d-c2f0e547f0bb"
"4caeb895-4077-47ba-b822-f9e8d5a73c56","66bd1026-a3a7-4a45-92e5-ea06b91764bf","Работа с цветове 2","17","https://www.loom.com/embed/9d8f478bcbf94d809ea5080afaaac138?sid=d2662e62-6e8b-430f-86cf-ae953cb19c1d","4d64e479-1ddf-4e5f-a03d-c2f0e547f0bb"
"4cfc9f4e-d93b-413c-a807-3510bdebadb9","00950471-14e8-48ce-b191-4db30386af72","Цветове","13","https://www.loom.com/embed/7deaf00b789c418b8469d2f076c26a48?sid=1630c890-2971-4ae7-99aa-0d43fdfbc54a","4d64e479-1ddf-4e5f-a03d-c2f0e547f0bb"
"4d1395f8-8584-4046-a4fd-26a308fb6d11","cdb18736-9ed1-4ad9-a6d1-f623ec08ed43","Работа с текст","34","https://www.loom.com/embed/910cbd77d6cb46cdb08d7785142bb7c3?sid=2edb0912-27d6-4d63-8ddc-a9a89c9ba819","4d64e479-1ddf-4e5f-a03d-c2f0e547f0bb"
"4eb4d402-5c39-4e10-82ce-74dd4c2f67dc","b0ab7cfc-ff3f-4939-ab86-6ee10085dc4b","Текстови елементи","2","https://www.loom.com/embed/3beddc7a18f941d3a10988f401ba2fd5?sid=af07e0ca-7dd0-42a0-9dca-a865cb640720","4d64e479-1ddf-4e5f-a03d-c2f0e547f0bb"
"4ebf869f-4310-4dc4-bcbb-725a6b028c43","a31fdcd6-2c9e-4627-a639-9d2b5efb5074","Начална секция (hero)","71","https://www.loom.com/embed/85c1ea2516f649c2805fb702281ac8f1?sid=b9fb317d-7b9a-4248-97c3-78c361b6eb97","4d64e479-1ddf-4e5f-a03d-c2f0e547f0bb"
"507d3af6-e192-4161-8162-6c6378aa5862","9e0be2f0-c846-4d75-bef0-4eea53dc0276","Имплементация на ""Играй отново""","50","https://www.loom.com/embed/195cd19c4a2c491aa76fe5415b14b6ac?sid=b26c25fa-d147-4670-bca7-092a5e37bbe5","4d64e479-1ddf-4e5f-a03d-c2f0e547f0bb"
"5233a87a-d77f-4063-abde-64b7eae8e29e","9b649395-a843-45bf-b3bb-849884262530","Изграждане на опростен CSS Grid оформление","50","https://www.loom.com/embed/881fa05619284f19ab6d87da378e22ee?sid=83c4555d-9742-4781-b490-2ebab0e6d96e","4d64e479-1ddf-4e5f-a03d-c2f0e547f0bb"
"526b5ea7-ff76-4d7e-b89a-0f2c427571b8","66bd1026-a3a7-4a45-92e5-ea06b91764bf","Теория на CSS #2: Наследяване","22","https://www.loom.com/embed/21e12b203d434ec1b537d03862190b63?sid=efda909b-6779-485f-8473-a4b9aab6cab2","4d64e479-1ddf-4e5f-a03d-c2f0e547f0bb"
"52c21e14-6089-4561-8b28-168d8652e6d0","2b4b56cc-97fe-4211-b3e8-3c175ef37532","Подобрени литерали на обекти","71","https://www.loom.com/embed/036022e36cd44928bd8d716b2b0f15f1?sid=4c301900-fcb7-41e2-9353-6255278b5537","4d64e479-1ddf-4e5f-a03d-c2f0e547f0bb"
"551be746-27a0-4898-8e66-98522e86ff13","2b4b56cc-97fe-4211-b3e8-3c175ef37532","Нови операции, които правят Sets(Множествата) полезни ","76","https://www.loom.com/embed/7af61b8e7dc14f7195756559ba22334e?sid=fceb725f-8f9a-477e-8468-a33f629f75c4","4d64e479-1ddf-4e5f-a03d-c2f0e547f0bb"
"555c13a4-84fa-4069-9d92-bf2fe933dde8","8c25c482-89ab-4138-bdc3-778f6d92904e","Предизвикателство #4","22",,"919c1021-e921-48b6-b6ce-634137f718b6"
"55783bb0-9551-46b4-b4d8-e40c487bf0a6","a31fdcd6-2c9e-4627-a639-9d2b5efb5074","Качване в интернет","90","https://www.loom.com/embed/a0d701ca4f1c40c2b036fb9fdd80456e?sid=740d4277-8a4a-4b0d-b9b3-7ef3bae542c8","4d64e479-1ddf-4e5f-a03d-c2f0e547f0bb"
"557eb11f-c4c6-4a8a-9680-d3dc7d8f5130","249c6614-b5f4-458b-9837-d1f4454c974d","Финализиране на навигационната лента и футъра","65","https://www.loom.com/embed/c2221898453844e6822088369e4dd88e?sid=9ffe01d0-2d22-456d-af99-90e02732bcff","4d64e479-1ddf-4e5f-a03d-c2f0e547f0bb"
"5587884b-ca50-4eab-a39a-a7fb36e0bb9c","5ebd12ca-541a-4d3f-b212-1eaeded5be5d","Препратка към HTML от MDN","2",,"201c3a98-3193-4f64-8ff1-a515fe54d37e"
"56359937-89ca-4007-82f7-890d21c04ea6","9e0be2f0-c846-4d75-bef0-4eea53dc0276","Проект: Модален прозорец","53","https://www.loom.com/embed/a76a1179db1044189c769de602eb65eb?sid=c21dd7b6-f714-4b98-8ab9-b9787c3af050","4d64e479-1ddf-4e5f-a03d-c2f0e547f0bb"
"570661e8-084d-4082-be94-8d9492787a8d","249c6614-b5f4-458b-9837-d1f4454c974d","Имплементация на responsive grid подредбата ни","62","https://www.loom.com/embed/c61b94c8d87e4b7aa707565bc90dda83?sid=d48079bc-f93e-424e-8879-d45337774a0b","4d64e479-1ddf-4e5f-a03d-c2f0e547f0bb"
"5755a5d5-1573-4fdf-a5d1-67c91af54e35","4bf105e9-3fe2-49d7-8658-af7c71fc5d78","Препратка към CSS от Codrops","7",,"a2e610df-5d70-4a35-bf1b-ab76ef7dc814"
"5a099c70-1d10-48f1-a00a-c338c2b13287","2b4b56cc-97fe-4211-b3e8-3c175ef37532","Maps Итерации (Карти)","78","https://www.loom.com/embed/259ee8d3900c414d8b3680e158723fca?sid=135e12df-00a2-43fd-98d4-66ec79878aaa","4d64e479-1ddf-4e5f-a03d-c2f0e547f0bb"
"5ba1e9bd-34ed-4833-82a9-6dbecc87ef99","a31fdcd6-2c9e-4627-a639-9d2b5efb5074","Изглед за мобилната навигация","86","https://www.loom.com/embed/4478316a3a43407495f79278886f63ed?sid=8a03b31e-692c-4e21-aad8-8dec1ddae26b","4d64e479-1ddf-4e5f-a03d-c2f0e547f0bb"
"5bac79ca-c5c5-4f1b-b2b9-64ef7d298e38","9e0be2f0-c846-4d75-bef0-4eea53dc0276","Обработка на събития при кликване","47","https://www.loom.com/embed/8d242b109bf4407cad5473929fa63ac3?sid=9ecddd2b-c230-49ef-8754-99c7a34dac8e","4d64e479-1ddf-4e5f-a03d-c2f0e547f0bb"
"5e45ba8a-d19f-4522-9bae-6f72cc7620c7","9e0be2f0-c846-4d75-bef0-4eea53dc0276","Портфолио проект #4","60","https://www.loom.com/embed/0bbd7976967f4483891c265ab65445f5?sid=61fa4e1f-3230-4ef5-8086-2a6680d92eea","4d64e479-1ddf-4e5f-a03d-c2f0e547f0bb"
"5e83a0d4-fa2e-477d-9df1-48dec86771a8","66bd1026-a3a7-4a45-92e5-ea06b91764bf","Работа с цветове 1","16","https://www.loom.com/embed/2a19e38480d24be0970a8bca75dac62f?sid=31efb0d3-0500-4828-85c2-3e3685c50c29","4d64e479-1ddf-4e5f-a03d-c2f0e547f0bb"
"5ecc01f7-b2f1-4e23-abfc-d406117e8de9","bf7c2023-a1ce-433c-801c-750caf99ebfa","Типове данни","5","https://www.loom.com/embed/2bd6d4a3c293405a8790f7eb930aea1e?sid=7a677599-7a03-4fe6-b40b-99f0b6bedf5c","4d64e479-1ddf-4e5f-a03d-c2f0e547f0bb"
"604da3ca-2c0f-420d-baa6-dd6cc709d2ff","00950471-14e8-48ce-b191-4db30386af72","Адаптиране към по-малки екрани","25","https://www.loom.com/embed/c31b5c3db265458bb2e2135c1a5d9c6e?sid=1af8823c-6063-4383-ad19-957ea818de69","4d64e479-1ddf-4e5f-a03d-c2f0e547f0bb"
"6095e96e-f0f9-4e83-8027-3ad0899f7b6a","9b649395-a843-45bf-b3bb-849884262530","Въведение в секцията","36","https://www.loom.com/embed/9facb3ec8ea8427e8395eee84c8fdeb1?sid=0807381a-0941-4ad6-b027-a9b5a53b6fa2","4d64e479-1ddf-4e5f-a03d-c2f0e547f0bb"
"610c27d6-287b-4a31-ac34-b437b4c9f984","cdb18736-9ed1-4ad9-a6d1-f623ec08ed43","Тернарен оператор","33","https://www.loom.com/embed/dc53ab6b4e7c42f48bd2f2a71a9ee33c?sid=0076cd8a-58f7-4073-8176-ebf071786b6e","4d64e479-1ddf-4e5f-a03d-c2f0e547f0bb"
"6176d025-b7c4-4937-8c08-5ebdb3404be0","b0ab7cfc-ff3f-4939-ab86-6ee10085dc4b","Предизвикателство #2","10","https://www.loom.com/embed/c7194715d3fc4a92916fd014c1fb49cf?sid=cecf769c-b847-4c25-bed1-d82e310d1fab","f1ccb3b6-fdc1-4357-88a4-6a0ebcf1dc45"
"63a88371-4874-4cea-a26c-06a97eaf0593","ac357ecf-4898-4449-9dcd-89470fc6affc","Функции, които извикват други функции","28","https://www.loom.com/embed/d2e2682b8f2a4401ad3888462406d84a?sid=392bab3a-3a86-4afb-a7fa-5e514706cee5","4d64e479-1ddf-4e5f-a03d-c2f0e547f0bb"
"63eb329b-893c-4171-b3c0-03780575130d","2b4b56cc-97fe-4211-b3e8-3c175ef37532","Предизвикателство #9","69",,"015416de-fb27-4771-bd5d-c0bca1e04b4c"
"650aeafc-40c2-4de1-bbed-6b8718ec025a","b0ab7cfc-ff3f-4939-ab86-6ee10085dc4b","Какво е HTML?","0","https://www.loom.com/embed/0a56b877d5304684b6186748a6c361f3?sid=1b33304d-5666-4a7f-9896-ce7f872c8bd8","4d64e479-1ddf-4e5f-a03d-c2f0e547f0bb"
"65396b56-bb30-4c9f-93f2-b32b099f018c","e93f82ed-8eab-4625-bc54-add9f03fc6fd","Циклиране на масиви, прекъсване и продължаване","39","https://www.loom.com/embed/d4b7922cb50943f49bbd0948d35f16e5?sid=b924636b-3ed5-4491-a51c-e83adbeae639","4d64e479-1ddf-4e5f-a03d-c2f0e547f0bb"
"66ab885d-d147-419f-bf28-31d53d58c13a","b0ab7cfc-ff3f-4939-ab86-6ee10085dc4b","Предизвикателство #1","9","https://www.loom.com/embed/7e320bd63408403b932fb9930bc8f312?sid=8d9a4726-a9b7-4425-9eef-645cecf74d94","f1ccb3b6-fdc1-4357-88a4-6a0ebcf1dc45"
"67a34c9f-5c81-4929-af3e-d36af7369e6d","9b649395-a843-45bf-b3bb-849884262530","Въведение във Flexbox 1","38","https://www.loom.com/embed/52c8b82d681547af875120b032f57d53?sid=88d5764e-f383-48b1-95b1-894b3bf587b3","4d64e479-1ddf-4e5f-a03d-c2f0e547f0bb"
"68528477-4bdb-490b-9d60-6ebcffadae04","2b4b56cc-97fe-4211-b3e8-3c175ef37532","Шаблон Rest и параметри ","65","https://www.loom.com/embed/d22ff37d94a84afaa77bc548681bb2e9?sid=162bde6a-9652-429a-ad0d-6cb6ad29db70","4d64e479-1ddf-4e5f-a03d-c2f0e547f0bb"
"6b80b641-c08e-4543-800b-c3daaafda412","66bd1026-a3a7-4a45-92e5-ea06b91764bf","Умение на разработчик #2","33","https://www.loom.com/embed/a5f2aed8744b4772b0a734ff0f525f48?sid=0701013f-9af4-4814-a568-c6d75a99523a","4d64e479-1ddf-4e5f-a03d-c2f0e547f0bb"
"6ca6132d-ea31-4c96-a488-283f55580ced","caf98f55-c7be-4510-b33c-8fdde3edbe4e","Добре дошъл","0","https://www.loom.com/embed/6a6eba497e034687a53e0ff169757ed5?sid=bc7a70de-20ec-4b64-819a-5d0256971078","4d64e479-1ddf-4e5f-a03d-c2f0e547f0bb"
"6d86377c-ef2e-4242-9642-ed739a9d19b9","00950471-14e8-48ce-b191-4db30386af72","Стилизиране на линкове","21","https://www.loom.com/embed/5d2d512863ea4fa39273d1c714a7e213?sid=2651a9e6-a855-4fba-a552-ca7ca7642e90","4d64e479-1ddf-4e5f-a03d-c2f0e547f0bb"
"6f1c7aa4-fd34-4388-a156-8c1f59801df5","66bd1026-a3a7-4a45-92e5-ea06b91764bf","Псевдоелементи","31","https://www.loom.com/embed/f4e5b4258f4541688200716ada8643e4?sid=f5db71c8-5a84-47fd-ae32-124940bfdbb9","4d64e479-1ddf-4e5f-a03d-c2f0e547f0bb"
"6f9b3f27-9a50-474a-a64a-55a6c7e35e28","9b649395-a843-45bf-b3bb-849884262530","Изграждане на опростено Flexbox оформление","43","https://www.loom.com/embed/ac48e26882d847379d3bf62b6e087e27?sid=1fc5a0bf-7466-476f-8927-03ab87448ec0","4d64e479-1ddf-4e5f-a03d-c2f0e547f0bb"
"71f83584-c9ae-4b77-889d-9cef3dfb47d4","a31fdcd6-2c9e-4627-a639-9d2b5efb5074","Настройване на Git и стартови файлове","70","https://www.loom.com/embed/fe1349cbbe0c451c9e14a17a56195a7c?sid=db852b21-06ff-47df-bc74-5c6a6e5ce7d7","4d64e479-1ddf-4e5f-a03d-c2f0e547f0bb"
"727476c1-edfd-46aa-bc0a-98f16be487d4","66bd1026-a3a7-4a45-92e5-ea06b91764bf","Комбиниране на селектори","14","https://www.loom.com/embed/6676a243b7d64fdb94c6e8210b796b1e?sid=53d3e3e1-7a2f-4903-b202-bd140e8106c1","4d64e479-1ddf-4e5f-a03d-c2f0e547f0bb"
"72abc7e9-73ee-4588-8ec2-18ff80ea7bd5","a31fdcd6-2c9e-4627-a639-9d2b5efb5074","Изграждане на раздел ""Цени""","79","https://www.loom.com/embed/b8fae44af6a142a5a50a149fd007b897?sid=864a94f8-ceb3-456c-a6a3-ef1e07661d53","4d64e479-1ddf-4e5f-a03d-c2f0e547f0bb"
"732e3f7f-867b-4598-8e69-ddf8aa101f51","b254fd10-03b6-41bf-b6a7-a8e21a614ab2","Нотации","35","https://www.loom.com/embed/93a4069e36404bb180943c597155308f?sid=88ed7dda-3aa5-4d2d-b600-97228f4e9d1f","4d64e479-1ddf-4e5f-a03d-c2f0e547f0bb"
"73f59223-7220-4ca0-b6ee-39354777d39b","a31fdcd6-2c9e-4627-a639-9d2b5efb5074","Изграждане на заглавието","72","https://www.loom.com/embed/d0ab860f1a994b74a34fbcac109b07f6?sid=af4435d9-41b5-4c48-8b42-8e12cb1bd8b9","4d64e479-1ddf-4e5f-a03d-c2f0e547f0bb"
"740ddcd2-2e58-4ba4-b5ae-d0d316f55cdb","9e0be2f0-c846-4d75-bef0-4eea53dc0276","Имплементиране на високи резултати","51","https://www.loom.com/embed/570e7011c1ea42cf9807de2440fbd965?sid=8c727bf6-d67a-4b18-bb7c-66de0644e8a8","4d64e479-1ddf-4e5f-a03d-c2f0e547f0bb"
"74850da0-fced-40fc-82f6-c442a318ed19","a31fdcd6-2c9e-4627-a639-9d2b5efb5074","Изграждане на раздела CTA","81","https://www.loom.com/embed/b85959e6c3d14b599b6b9b5eb653bbb8?sid=0eca81d2-40ff-4ffa-9c33-abf50e15251c","4d64e479-1ddf-4e5f-a03d-c2f0e547f0bb"
"7501a3c5-d631-4514-a50a-ee17544cde0f","a31fdcd6-2c9e-4627-a639-9d2b5efb5074","Изграждане на частта с функциите","80","https://www.loom.com/embed/4f81dcfb3de949d99fa2e9a6a3736108?sid=069e84e8-a19b-4bf7-bc40-9b6260485db2","4d64e479-1ddf-4e5f-a03d-c2f0e547f0bb"
"763be5c1-9e8d-4e11-92da-130b8a6bc569","4bf105e9-3fe2-49d7-8658-af7c71fc5d78","30 CSS селектора от Tutplus","5",,"7a11f11f-e7b5-47a6-9e85-78e66a6d805f"
"764d55ca-8ec0-4629-a76d-f2e4c484779a","cdb18736-9ed1-4ad9-a6d1-f623ec08ed43","Филтриране на въпросите по категория","43","https://www.loom.com/embed/e8200c2df64543aa85397d82a4cb19b7?sid=84b3d712-4d2c-4128-8ae5-beb297715ffd","4d64e479-1ddf-4e5f-a03d-c2f0e547f0bb"
"76ac3485-717a-43ff-80cc-87d6d629c5fd","8c25c482-89ab-4138-bdc3-778f6d92904e","Ръчно и принудено преобразуване на типове","13","https://www.loom.com/embed/516006f971374a0ca51a4e8587175641?sid=f6d732a1-69db-4c40-a6ea-aec5f6560fe1","4d64e479-1ddf-4e5f-a03d-c2f0e547f0bb"
"76e6e4f8-23ba-4a49-9f4c-86a5fc14bae9","00950471-14e8-48ce-b191-4db30386af72","Центриране на приложението","20","https://www.loom.com/embed/4bc74dd89c8a46be98568e693d1c56fc?sid=959a1893-0ff4-499d-b054-407b355e9db8","4d64e479-1ddf-4e5f-a03d-c2f0e547f0bb"
"772583b2-80b1-410c-b003-28ffec9596f7","13e1047d-4530-4c0a-887b-c43de1b48a19","Работа с текст и листи","6","https://www.loom.com/embed/48f84b79ff24475b8fd4512ab1cfe1b9?sid=9653492d-2339-4d59-8278-6e8af56003f2","4d64e479-1ddf-4e5f-a03d-c2f0e547f0bb"
"7782d2ee-077f-45bc-92dc-ac5f00c3fabc",,"Изпит","1",,"cf284d8b-dfe7-4272-ae22-b7bdab9a5f3b"
"7a078ae9-c1ec-440e-9d1b-cac61044a496","a31fdcd6-2c9e-4627-a639-9d2b5efb5074","Изграждане на навигацията","73","https://www.loom.com/embed/52ffb644925e4044a4a33876c2392ec3?sid=f1930ebe-6eca-4e0e-8518-a09d89b3c773","4d64e479-1ddf-4e5f-a03d-c2f0e547f0bb"
"7a259e68-6c3a-4767-949c-a17f767861c0","00950471-14e8-48ce-b191-4db30386af72","Block и inline елементи","16","https://www.loom.com/embed/ba7a9c1018d64f279107c7230c740fe7?sid=c7c4c180-56dd-4e34-942b-725d75a4f030","4d64e479-1ddf-4e5f-a03d-c2f0e547f0bb"
"7b24add3-4153-47dd-8c27-f962db7bc9a7","249c6614-b5f4-458b-9837-d1f4454c974d","Въведение в проекта","57","https://www.loom.com/embed/15ea21e0d99b4037aacf87891e1b8ba6?sid=d4d890a6-3bb3-4f31-87e3-17644cbf0e84","4d64e479-1ddf-4e5f-a03d-c2f0e547f0bb"
"7bf8898c-baee-4bea-a7ee-f90d6a17e328","4bf105e9-3fe2-49d7-8658-af7c71fc5d78","Препратка към CSS от MDN","4",,"acd9b37f-1fb5-4644-b30b-337b92c708e4"
"7eb3da66-70c5-4afd-910e-c489318667ea","efd084e0-2f8d-40d3-81c5-c0090e40a018","Awwwards","27",,"37300147-82f0-4abc-9cdb-0cda669fe962"
"7ebedf4a-14d4-46e8-8e4e-d7199e31fbd4","b254fd10-03b6-41bf-b6a7-a8e21a614ab2","Въведение в масиви","31","https://www.loom.com/embed/c7ce03fc3f6b49a6bcd6977514255931?sid=8f921ae0-0639-4b42-abc2-183c1f58082e","4d64e479-1ddf-4e5f-a03d-c2f0e547f0bb"
"7ffd7c1a-2ff9-4cd1-8d48-4591408bd615","ac357ecf-4898-4449-9dcd-89470fc6affc","Предизвикателство #5","30",,"35549224-2b20-4b71-be20-74ab83bfa906"
"84fc1854-80b7-43ea-abc2-eae91bfec53b","66bd1026-a3a7-4a45-92e5-ea06b91764bf","Портфолио проект #1","35","https://www.loom.com/embed/b8193257074146268877c5ce621d81b9?sid=3da75bf5-1fda-448f-b943-1c5002ab3d89","f1ccb3b6-fdc1-4357-88a4-6a0ebcf1dc45"
"850039c2-36ed-44d0-be68-c8d2305fc608","9e0be2f0-c846-4d75-bef0-4eea53dc0276","Да упражним всичко научено. Стъпка 1 - HTML","56","https://www.loom.com/embed/0d6312ba25e547dcb3663287ffb308d7?sid=7e9a2e87-e8a9-4c50-a36c-341411b4d837","4d64e479-1ddf-4e5f-a03d-c2f0e547f0bb"
"855ce3a0-a54a-416e-86d8-00cc71f8f710","2b4b56cc-97fe-4211-b3e8-3c175ef37532","Sets (Множества)","75","https://www.loom.com/embed/33c937e7fc004f94bd08f92750b7587d?sid=49d71a11-61d4-4cff-a314-b6611326283f","4d64e479-1ddf-4e5f-a03d-c2f0e547f0bb"
"856d37c4-80f1-4e6b-bda7-4a816f7eb4a0","00950471-14e8-48ce-b191-4db30386af72","Фонтове","12","https://www.loom.com/embed/7812fc373b974f8cb4967f7090ae383b?sid=e22bec7b-7f42-45af-a46b-d237fb756a96","4d64e479-1ddf-4e5f-a03d-c2f0e547f0bb"
"85888624-251c-4ce1-ac59-c6bd13f9c2b4","b254fd10-03b6-41bf-b6a7-a8e21a614ab2","Въведение в обекти","34","https://www.loom.com/embed/823edd02f0fc470f9bbe532cb1376131?sid=9b6ae618-b664-4e42-b5af-3d653dbbc837","4d64e479-1ddf-4e5f-a03d-c2f0e547f0bb"
"8885ce08-11a4-482b-a909-e71841e833e3","b254fd10-03b6-41bf-b6a7-a8e21a614ab2","Предизвикателство #7","37",,"50570791-3759-4e9f-94f0-2151bab69090"
"88bb7db6-05da-44bd-aaa5-a506d6512f56","9b649395-a843-45bf-b3bb-849884262530","Предизвикателство #7","51","https://www.loom.com/embed/cd60a954533f4d59b19348ccb2e7dca5?sid=22442348-ed49-4c76-9419-ed3ced991d0c","f1ccb3b6-fdc1-4357-88a4-6a0ebcf1dc45"
"890e4d43-8a33-4c58-8c9b-5459a1f96d8f","bf7c2023-a1ce-433c-801c-750caf99ebfa","Кратко въведение в JavaScript","2","https://www.loom.com/embed/687b7bd5e5504e5f9a23f6bce882aeb5?sid=f1e90384-acbe-4b89-81e8-afd17562d2f3","4d64e479-1ddf-4e5f-a03d-c2f0e547f0bb"
"8a8bec62-dff0-45d5-8a8e-6ba2c51ad6dd","9e0be2f0-c846-4d75-bef0-4eea53dc0276","Манипулиране на елементи","46","https://www.loom.com/embed/5dccd293fe8f48b9985a075629429be9?sid=5ab6148a-4a09-4653-a032-e7a679810aa7","4d64e479-1ddf-4e5f-a03d-c2f0e547f0bb"
"8b6d5b25-6a74-4089-954a-0dddfcd67b11","2b4b56cc-97fe-4211-b3e8-3c175ef37532","Maps Основи (Карти)","77","https://www.loom.com/embed/1e59531f967e46f1b77a0ac43bf896b6?sid=98bde91c-ccb8-4580-a6a0-a31be6601889","4d64e479-1ddf-4e5f-a03d-c2f0e547f0bb"
"8c0c801e-8476-4c16-b787-538eeef98394","249c6614-b5f4-458b-9837-d1f4454c974d","Изграждане на навигационната лента","64","https://www.loom.com/embed/02cc50f8808e49558cc620eaea29f4ea?sid=6acac34a-dde1-45a1-9d27-2afc08d4f0a3","4d64e479-1ddf-4e5f-a03d-c2f0e547f0bb"
"8ec1cc5c-f9b3-4a68-b294-bfe9c46272f3","8c25c482-89ab-4138-bdc3-778f6d92904e","Предизвикателство #3","18",,"bbb7d8fe-bcc7-4cb7-9beb-6fc9209d2985"
"8fa8ada5-5311-49d0-bdcd-4b0e577497b9","cdb18736-9ed1-4ad9-a6d1-f623ec08ed43","Стрелкови функции","35","https://www.loom.com/embed/841abd8e5b694f8e9aa50d50d3b6a98e?sid=599a26d1-84f2-4c02-ae6a-73d6f2fe429c","4d64e479-1ddf-4e5f-a03d-c2f0e547f0bb"
"92a770d1-f0ae-46a8-859a-c396572dde39","00950471-14e8-48ce-b191-4db30386af72","Имплементиране на flexbox","18","https://www.loom.com/embed/2c7705783cc84e17bfba44000c719c19?sid=3a8f7e37-845b-439a-a664-789e4fddeabc","4d64e479-1ddf-4e5f-a03d-c2f0e547f0bb"
"92f95fcb-b876-411c-9d25-5895e9b1dabf","dcb2bdf7-1cb0-413a-9686-47a77c82d5c9","Stack Overflow","28",,"4e79bd52-626c-4bb7-8b45-1de9d5c399ff"
"94ee2947-aed1-456e-b587-62fc18c478e8","ac357ecf-4898-4449-9dcd-89470fc6affc","Функции","25","https://www.loom.com/embed/a2065e79231946ceb5edd56129a7017e?sid=ecd9e139-435e-404e-8d28-e9420fd0e32e","4d64e479-1ddf-4e5f-a03d-c2f0e547f0bb"
"9524195e-ac38-46bb-af0d-da5da26b1bc0","4bf105e9-3fe2-49d7-8658-af7c71fc5d78","Clippy","8",,"38c3c5f4-5304-4af8-83af-4ea4d8524785"
"960f0aa9-be88-450f-bd5d-96375f1284b7","66bd1026-a3a7-4a45-92e5-ea06b91764bf","Предизвикателство #4","28","https://www.loom.com/embed/6553a7cf476748529ddf5b094762cad4?sid=7092e4f7-1f75-424b-ae59-33e494cbb6ff","f1ccb3b6-fdc1-4357-88a4-6a0ebcf1dc45"
"994ade9a-7881-4b99-970b-a49c16797dca","a31fdcd6-2c9e-4627-a639-9d2b5efb5074","Изграждане на долния футър","82","https://www.loom.com/embed/81141afa0631416492263945acfd66ce?sid=79ce4dc9-1298-4ab9-8b71-9c4da4adbd17","4d64e479-1ddf-4e5f-a03d-c2f0e547f0bb"
"9a2689e6-5d2c-4c59-8a5d-05d848f3a7ae","ee1f042b-b59a-4643-b935-8bfa478107a9","Hero Icons","21",,"b0023793-2d7a-467b-bd98-6ad1ea5773d0"
"9ad7d7ae-a537-4618-ae3a-1972cdae4864","cdb18736-9ed1-4ad9-a6d1-f623ec08ed43","Решения - if/else","32","https://www.loom.com/embed/b910aabf2b8044b09d054197a436bbcb?sid=b33166d2-26b0-47cc-83c7-07b3c9cddf98","4d64e479-1ddf-4e5f-a03d-c2f0e547f0bb"
"9ccab40e-4cd6-448b-b60a-b7973ccd7651","a31fdcd6-2c9e-4627-a639-9d2b5efb5074","Изглед за телефони","88","https://www.loom.com/embed/b83502e3404a462dab29f99e439247dc?sid=f11336e1-769b-4945-a3bd-267d8d830e3d","4d64e479-1ddf-4e5f-a03d-c2f0e547f0bb"
"9e0aa4a0-1e87-4904-970a-3cdbd0744383","5ccbbd1b-c5ea-44b7-a5ac-f6e36293a0dd","Прочети това преди да започнеш","1",,"47afc7bd-9750-4571-9111-f2d46d1f4e41"
"9e97104d-b66c-4c0d-9448-a513cfbdedb1","9e0be2f0-c846-4d75-bef0-4eea53dc0276","Имплементиране на логиката на играта","48","https://www.loom.com/embed/d795c9cdcb394aa6b428e5d3afb0d3bd?sid=00098498-385d-4e0e-a9be-12539cee48e9","4d64e479-1ddf-4e5f-a03d-c2f0e547f0bb"
"9efdb17a-8b8e-466a-bc50-33ff3c4ce6bf","8c25c482-89ab-4138-bdc3-778f6d92904e","Логически оператори","17","https://www.loom.com/embed/3c1db7d920954fdeb5ed2ecfdf613a3a?sid=07a18eec-3247-4443-8efc-7565d9877183","4d64e479-1ddf-4e5f-a03d-c2f0e547f0bb"
"9fe280bb-9724-4729-8ed7-4b16c336cec5","b0ab7cfc-ff3f-4939-ab86-6ee10085dc4b","Снимки и атрибути","4","https://www.loom.com/embed/e2e2f9fbf812473abc915ec8ba4c7cde?sid=f6ef811b-e4a7-4ea1-a18b-17150adce550","4d64e479-1ddf-4e5f-a03d-c2f0e547f0bb"
"a0c3ce7b-300f-45c2-ae95-5b109859ec41","e93f82ed-8eab-4625-bc54-add9f03fc6fd","Итерация: for цикъл","38","https://www.loom.com/embed/03fc09d650ba4e5fb69cc7517e9f4447?sid=d5d72e4a-2e2b-43bb-80c1-76d2eec6e02e","4d64e479-1ddf-4e5f-a03d-c2f0e547f0bb"
"a2c264a5-fd7a-4044-8cda-b72839ab15c6","66bd1026-a3a7-4a45-92e5-ea06b91764bf","Стилиране на текст","13","https://www.loom.com/embed/d47ce0d9b8f9465ca98bd646978dc2f3?sid=5823f7eb-9ee5-47ce-b3b2-9544d95493bc","4d64e479-1ddf-4e5f-a03d-c2f0e547f0bb"
"a325f605-28ae-4324-8d3d-4d6b0e64dd75","b0ab7cfc-ff3f-4939-ab86-6ee10085dc4b","Семантичен HTML","7","https://www.loom.com/embed/412d05ba3929445e8cc7471d56b9b9db?sid=344ae75d-f5d8-4d24-9652-13f8aa7d8277","4d64e479-1ddf-4e5f-a03d-c2f0e547f0bb"
"a328b728-cf8f-4344-8013-fe1ec2c9fbbe","4bf105e9-3fe2-49d7-8658-af7c71fc5d78","CSS за хора, които мразят CSS","6",,"7fc26588-1bad-452c-9a54-a9d69540aa45"
"a4091502-cfb7-483d-bf84-b6643240f34f","8c25c482-89ab-4138-bdc3-778f6d92904e","Изрази и оператори","20","https://www.loom.com/embed/bc9e79ee5b064efb87f9d73105096865?sid=69859450-a494-4aa5-917b-5840e4fda850","4d64e479-1ddf-4e5f-a03d-c2f0e547f0bb"
"a42dfb33-695d-4ef8-99ed-abc95c71286c","66bd1026-a3a7-4a45-92e5-ea06b91764bf","Теория на CSS #4: Видове кутии","29","https://www.loom.com/embed/b4cadd8b17cb45bdbc454095b3758278?sid=3f4252e0-381a-4cc9-8710-57a562cbf95e","f1ccb3b6-fdc1-4357-88a4-6a0ebcf1dc45"
"a4be93ae-f78a-499d-a24e-c9da9eb662d9","9b649395-a843-45bf-b3bb-849884262530","Определяне размера на колони и редове в Grid","47","https://www.loom.com/embed/3d153f7df8b945529ce605c6ed12a018?sid=763bd5fd-f37d-4786-a076-66a67d7a1288","4d64e479-1ddf-4e5f-a03d-c2f0e547f0bb"
"a5fba434-4153-4350-ae32-883ed1aad5a7","2b4b56cc-97fe-4211-b3e8-3c175ef37532","Въведение в раздела","61","https://www.loom.com/embed/d4a2a9603b3b4e0e83b69bd4793daa99?sid=e6f88ec4-c5e3-4c53-a3b5-1dd246e2d4b4","4d64e479-1ddf-4e5f-a03d-c2f0e547f0bb"
"a67ac0f6-bdd9-454b-9d94-f6d1b97e0a35","b0ab7cfc-ff3f-4939-ab86-6ee10085dc4b","Линкове","5","https://www.loom.com/embed/3a714baa0b5641bfbe718c47e7eb02e6?sid=6abe24aa-f9ae-4886-8f5c-9c59f489bb69","4d64e479-1ddf-4e5f-a03d-c2f0e547f0bb"
"a70d7f49-65f1-4b0e-a9e9-6f0a5bd6e8e3","13e1047d-4530-4c0a-887b-c43de1b48a19","HTML - Структура","5","https://www.loom.com/embed/9ce3f12ed0f9401c902baa8de078eaa8?sid=fa5095ed-dc83-4162-b540-967cf3cbf3e8","4d64e479-1ddf-4e5f-a03d-c2f0e547f0bb"
"a9265787-4b3e-44db-b866-2e0af39cf04d","66bd1026-a3a7-4a45-92e5-ea06b91764bf","Добавяне на размери","26","https://www.loom.com/embed/7adb7e6ab22b4f2cae0ecc43e479067a?sid=d03f11a3-9638-4ead-b092-895103dc3577","4d64e479-1ddf-4e5f-a03d-c2f0e547f0bb"
"abb2b086-0d69-4ac3-afb0-9f46e7a9971a","a31fdcd6-2c9e-4627-a639-9d2b5efb5074","Изграждане на раздел ""Проекти"" част 2","77","https://www.loom.com/embed/e4c23127b6de49478ff59830bb0dd339?sid=ab89e036-d042-4812-b6d2-3224e03fbbc7","4d64e479-1ddf-4e5f-a03d-c2f0e547f0bb"
"ae32b82f-2d88-42bd-906a-9ff47a3e3d58","cdb18736-9ed1-4ad9-a6d1-f623ec08ed43","Какво е JavaScript","28","https://www.loom.com/embed/d52f5b659dad426baad38f1449286927?sid=67a97458-b933-497e-af1b-3dd10bf01b19","4d64e479-1ddf-4e5f-a03d-c2f0e547f0bb"
"b0211621-772b-47b1-bb34-86578cd940b0","8c25c482-89ab-4138-bdc3-778f6d92904e","Оператори за равенство: == срещу ===","15","https://www.loom.com/embed/79c0427313db43cbbb09a12ca7fbedde?sid=d0c34d59-551b-4318-bec6-3deed905dc33","4d64e479-1ddf-4e5f-a03d-c2f0e547f0bb"
"b04ead45-e872-4d93-81c4-9d010dbace15","00950471-14e8-48ce-b191-4db30386af72","Модела на кутията","15","https://www.loom.com/embed/e2c57cb2b97947138af1fbc2316840f7?sid=eb6f98bf-70bc-4cc4-916f-6a63ca6abda5","4d64e479-1ddf-4e5f-a03d-c2f0e547f0bb"
"b111106e-28c9-4e6e-9924-44b9fbb42eae","a31fdcd6-2c9e-4627-a639-9d2b5efb5074","Изглед за таблетите с пейзаж","84","https://www.loom.com/embed/d1c3312e43994dc7bb3e80155e6f2682?sid=1ba1e605-3f6e-4c2d-beaa-fc6bd1cade99","4d64e479-1ddf-4e5f-a03d-c2f0e547f0bb"
"b1912bdf-c3d9-4e45-b564-a055497ffe2b","ac357ecf-4898-4449-9dcd-89470fc6affc","Разлики в дефинирането на функции","26","https://www.loom.com/embed/2d447c341ac148b9841d9ec3db29d6d7?sid=1fdf0e57-7434-4c55-a57a-9b630afbd1b1","4d64e479-1ddf-4e5f-a03d-c2f0e547f0bb"
"b3424ac5-f434-4f51-83b4-37dc4afe1ba2","2b4b56cc-97fe-4211-b3e8-3c175ef37532","Циклиране на масиви: for-of цикъл","70","https://www.loom.com/embed/9b07eaef70fa4213b6255edaec76eb2c?sid=8ab968c2-c6ca-4afa-a89b-fa69fed06be6","4d64e479-1ddf-4e5f-a03d-c2f0e547f0bb"
"b356c340-8ddc-4511-a88d-66049a882db1","b254fd10-03b6-41bf-b6a7-a8e21a614ab2","Методи на обекти","36","https://www.loom.com/embed/e0d5b389554a46e8b6a4b1e3d3e4010e?sid=40eace5c-5127-4701-826a-04ba87d24aff","4d64e479-1ddf-4e5f-a03d-c2f0e547f0bb"
"b3c74e7a-c36d-49bf-bdf4-bf03ac4c1c62","cdb18736-9ed1-4ad9-a6d1-f623ec08ed43","Функции","31","https://www.loom.com/embed/a144b8b945024d0f80761329dd730d20?sid=3e729e1a-6734-4352-955a-36a77a4e84f5","4d64e479-1ddf-4e5f-a03d-c2f0e547f0bb"
"b7e5db02-80d4-4854-a33b-0a3331e77317","cdb18736-9ed1-4ad9-a6d1-f623ec08ed43","Стойности, променливи и оператори","30","https://www.loom.com/embed/af6a4e2989524e3da427855a7c7988aa?sid=f6c4ae68-d622-42db-bbf5-30fccb753ce3","4d64e479-1ddf-4e5f-a03d-c2f0e547f0bb"
"b86bb5f4-6ffc-49d1-9025-8a5fc829f03e","e8154671-70c2-4512-96f2-9c6e6d7eafa4","Какво следва","46","https://www.loom.com/embed/df3f6f72e6624f1a99e1c819b6247d5b?sid=7812c362-66fa-48f2-8032-8c9a925e0e20","4d64e479-1ddf-4e5f-a03d-c2f0e547f0bb"
"b9469ad1-c726-4080-aaf5-cee54b78f2ce","a31fdcd6-2c9e-4627-a639-9d2b5efb5074","Изглед за малки лаптопи","83","https://www.loom.com/embed/78ec18ee30344d0499c557150d274b00?sid=5af10e6d-3a81-4d2a-af52-22ddb2bc1080","4d64e479-1ddf-4e5f-a03d-c2f0e547f0bb"
"b9c9a56f-12f6-47d6-ae2f-8e4abca2a9b2","8b355045-0b41-49fd-ac9e-c4abe47e8671","Open Color","16",,"04407eb6-12ec-4ee7-973f-59f48734dc83"
"ba34a4ee-e584-42a1-b673-94cc325bc2c3","4aa4685f-519f-4512-b4b9-156246fdb5e0","UI Faces","19",,"e096ca9e-857a-423d-b6df-c8d0bd92fdca"
"bb46500d-f412-4d1f-95e6-dca966b54fa8","8c25c482-89ab-4138-bdc3-778f6d92904e","Истинни и лъжливи стойности","14","https://www.loom.com/embed/7976d4cc3f1e4b619f52b012f772ef47?sid=5130ca39-dfb1-45b4-bef7-1ae3dbe37f93","4d64e479-1ddf-4e5f-a03d-c2f0e547f0bb"
"bbb1051e-3bb3-4ec6-a417-fff2ece41771","66bd1026-a3a7-4a45-92e5-ea06b91764bf","Използване на Margins и Paddings","25","https://www.loom.com/embed/d19fd83e5a7a4a628cb37371752a5f78?sid=203c59d3-bb29-42e1-95fd-beeffd6da809","4d64e479-1ddf-4e5f-a03d-c2f0e547f0bb"
"bc754944-cd39-49a5-968c-7d7bd1116727","b0ab7cfc-ff3f-4939-ab86-6ee10085dc4b","Структуриране на нашата страница","6","https://www.loom.com/embed/583ad09762a94ca5801e0073b2f3413a?sid=fdaeb69b-f548-4842-84b1-e1a11b41b598","4d64e479-1ddf-4e5f-a03d-c2f0e547f0bb"
"bf45ce56-bdd6-4d28-a27b-35d0d793d5e9","2b4b56cc-97fe-4211-b3e8-3c175ef37532","Предизвикателство #10","74",,"e20d9ca0-099e-41f2-a829-5123cbcc600c"
"c0c1d6b5-77c9-4c38-bc09-363b664c789f","caf98f55-c7be-4510-b33c-8fdde3edbe4e","Разяснения относно въпросите и отговорите","1","https://www.loom.com/embed/95b94ca4148c40bf887a23a77d5018a2?sid=ea970c56-17ca-43c3-91e7-d42e211287d1","4d64e479-1ddf-4e5f-a03d-c2f0e547f0bb"
"c3b40cc7-2229-4abb-bebe-0362adc8c357","00950471-14e8-48ce-b191-4db30386af72","Стилизиране на бутони","22","https://www.loom.com/embed/e7982679405e4500bec592dfaff1c270?sid=bfdcf269-e98b-426e-a0d7-d1f40d76ccf2","4d64e479-1ddf-4e5f-a03d-c2f0e547f0bb"
"c4c7a7dc-513f-4123-9a51-18b412c783b3","8c25c482-89ab-4138-bdc3-778f6d92904e","Предизвикателство #2","12",,"da0237b0-771e-4f91-911d-3a759adec43a"
"c563794b-5a10-46ef-a096-28d971ff39ef","66bd1026-a3a7-4a45-92e5-ea06b91764bf","Предизвикателство #3","23","https://www.loom.com/embed/553adfc602ae44b3a227129c94a16532?sid=9a9b1469-e48f-4f30-8692-39b0f8187027","f1ccb3b6-fdc1-4357-88a4-6a0ebcf1dc45"
"c7287d0c-4aa8-4bc2-8170-a93cf51046ed","9e0be2f0-c846-4d75-bef0-4eea53dc0276","Преглед и обяснения на всичко до тук","52","https://www.loom.com/embed/69005f727cab4c78b6201624376d0047?sid=29e782cb-5a66-4677-b86c-758486b1e343","4d64e479-1ddf-4e5f-a03d-c2f0e547f0bb"
"c7a117b2-7fa5-48cf-8a53-398f305a4580","172a1e1e-6ea5-4223-a0e8-e443183f820b","Таблица за съвместимост с браузъри ES6+","11",,"4cbc7b36-101e-4add-b472-45b7fb4b5057"
"c83cda57-03a0-4548-98d6-44bd849b5ada","66bd1026-a3a7-4a45-92e5-ea06b91764bf","Какво е CSS","11","https://www.loom.com/embed/5016cd2a4666425d9ef65090f2a4be12?sid=b6953a82-a6d5-4e14-bf53-8b8f2f2e2056","4d64e479-1ddf-4e5f-a03d-c2f0e547f0bb"
"ca14e0c5-636a-45dc-b4fd-087d089dee72","cdb18736-9ed1-4ad9-a6d1-f623ec08ed43","Зареждане на данни с async/await","41","https://www.loom.com/embed/a70b98eeaaf5455bbb063ec862706726?sid=c94b60f3-87ff-4da6-8c8d-4abc422efca7","4d64e479-1ddf-4e5f-a03d-c2f0e547f0bb"
"cc03dbc9-e7ee-4789-b6b7-72cb987450bd","394fdc9a-6283-4e3d-b9a6-8084a68eab85","Защо ще ги използваме и настройване","67","https://www.loom.com/embed/b13721d92f8945c881eaae5f1710f5c0?sid=4b7d4fd4-f13e-472e-b134-7641880b57fc","4d64e479-1ddf-4e5f-a03d-c2f0e547f0bb"
"cca2d380-5b60-401c-b2ad-6c611a3b938a","66bd1026-a3a7-4a45-92e5-ea06b91764bf","Теория на CSS #3: CSS модел на кутия","24","https://www.loom.com/embed/a7e1b0b1265d437096748c3a6e26e48d?sid=6ea6ea09-a975-454d-86e1-607f90f6e37a","4d64e479-1ddf-4e5f-a03d-c2f0e547f0bb"
"ce988fbb-e600-4be0-9fc2-daa318b95760","249c6614-b5f4-458b-9837-d1f4454c974d","Създаване на изображение върху слой Част 1","58","https://www.loom.com/embed/2d0279dc2d2c4a3082c331248294de8c?sid=4bd6ca84-5855-4a4b-bef5-9454c0843807","4d64e479-1ddf-4e5f-a03d-c2f0e547f0bb"
"cf8305db-3b03-40fe-b263-b3fcdadd8f40","2b4b56cc-97fe-4211-b3e8-3c175ef37532","Циклиране на обекти: Ключове, стойности и записи на обекти","73","https://www.loom.com/embed/275717390cb7487baa674affc42c01c8?sid=c856066e-f89d-4fc5-93b9-38207f0575d6","4d64e479-1ddf-4e5f-a03d-c2f0e547f0bb"
"cfcf2578-82a7-4a8a-b7ab-7a581eb00523","5ccbbd1b-c5ea-44b7-a5ac-f6e36293a0dd","Въведение в безплатния курс","0","https://www.loom.com/embed/3c852b8e1ac248a98c5420ea529f3fad?sid=0ef4db43-6677-4cb6-b7db-34bc776a4dfc","4d64e479-1ddf-4e5f-a03d-c2f0e547f0bb"
"d07ca383-7413-4cc4-8b44-323e1bc94200","5059497f-b66d-4aa2-adfb-7bcb84c4f256","Как да използвам материалите?","1","https://www.loom.com/embed/75fd90b6802749a98e5f243a445a0f95?sid=681ea2d7-a6cd-4971-a66c-cf90ef431e07","4d64e479-1ddf-4e5f-a03d-c2f0e547f0bb"
"d0c92268-b31b-4e1f-8675-424de3c939ad","a31fdcd6-2c9e-4627-a639-9d2b5efb5074","Изграждане на раздел ""Препоръки""","78","https://www.loom.com/embed/5edc8a6ea32943578ede240b13ce1f70?sid=d3c03178-8731-467e-b84d-b817d0731099","4d64e479-1ddf-4e5f-a03d-c2f0e547f0bb"
"d171611c-c364-4256-958b-b988888ccf0b","00950471-14e8-48ce-b191-4db30386af72","Създаване на по-големи layout-и със CSS Grid","19","https://www.loom.com/embed/f6b3bca6484449e2bbe2c96ab4809c14?sid=2edeb9bf-f9e4-4c5c-92dc-ec1c658d3dd9","4d64e479-1ddf-4e5f-a03d-c2f0e547f0bb"
"d3fb399f-42da-407b-947a-4a49b224c171","ac357ecf-4898-4449-9dcd-89470fc6affc","Активиране на строг режим","24","https://www.loom.com/embed/77df0da156594e3ca60df838b3caa0f7?sid=cafd0ad3-bbc3-498d-b105-6c2965c630fa","4d64e479-1ddf-4e5f-a03d-c2f0e547f0bb"
"d4d28d80-9250-4c46-b0b5-2c296dfedef0","bf7c2023-a1ce-433c-801c-750caf99ebfa","Стойности и променливи","4","https://www.loom.com/embed/79fb22a216c64fc0b13325620b24a75d?sid=e776c750-0a94-4ecd-b2a9-ebbe91a35907","4d64e479-1ddf-4e5f-a03d-c2f0e547f0bb"
"d4f8a866-0f77-4ddb-aedf-61a92bf6489e","b0ab7cfc-ff3f-4939-ab86-6ee10085dc4b","HTML структура на документ","1","https://www.loom.com/embed/3b88cc67c29847f3b6f8c7919f6bba02?sid=e56f994d-64b3-4758-857c-1ba7b223437d","f1ccb3b6-fdc1-4357-88a4-6a0ebcf1dc45"
"d5aba630-d2dd-4bf2-8b75-f48fa3ef0252","394fdc9a-6283-4e3d-b9a6-8084a68eab85","Публикуване на Проекта ""Портфолио""","68","https://www.loom.com/embed/74f8039d70734fa2899f0a3296d4c90a?sid=a5ce35c5-4d66-4125-8fb9-76c0a0e001f6","4d64e479-1ddf-4e5f-a03d-c2f0e547f0bb"
"d71c11c5-1409-493a-8a3a-d795474f6f3f","13e1047d-4530-4c0a-887b-c43de1b48a19","Какво е HTML?","4","https://www.loom.com/embed/9a946fb101f344d6b8794e2d78014792?sid=ea96e60f-8f16-4baf-85d9-179bffc52305","4d64e479-1ddf-4e5f-a03d-c2f0e547f0bb"
"d88d27f0-166c-48a1-b844-93b0c9dde5f6","e93f82ed-8eab-4625-bc54-add9f03fc6fd","while цикъл","41","https://www.loom.com/embed/a4bee52c692746249aeeaffcfa2d9c2c?sid=be139e8f-d80a-47e9-ab27-a1821834bbe6","4d64e479-1ddf-4e5f-a03d-c2f0e547f0bb"
"d9388a62-23f9-48fd-bf94-6081c44eb5da","ee1f042b-b59a-4643-b935-8bfa478107a9","Font Awesome","23",,"061609c8-c971-423d-8ffd-fa2258145a77"
"d9d48390-6f84-4f3d-ad06-060221edb975","249c6614-b5f4-458b-9837-d1f4454c974d","Създаване на изображение върху слой Част 2","59","https://www.loom.com/embed/4a6ad753deff449b997649a3e762b435?sid=e8da873a-ffad-403d-aa81-4a2e619d95bf","4d64e479-1ddf-4e5f-a03d-c2f0e547f0bb"
"da6ebef7-7375-47be-837a-58c54fd7ee11","cdb18736-9ed1-4ad9-a6d1-f623ec08ed43","Създаване на DOM елементи","40","https://www.loom.com/embed/6c2c7db05adc4a57b302ee4bae680924?sid=3cf2bc49-501d-4942-9167-1f9f7ec03ea6","4d64e479-1ddf-4e5f-a03d-c2f0e547f0bb"
"daa8ca44-0368-45cd-a2a7-39b857636dd3","9e0be2f0-c846-4d75-bef0-4eea53dc0276","Да упражним всичко научено. Стъпка 3 - JS","58","https://www.loom.com/embed/e81f7e354d89464cbba0a08e1353282b?sid=22d8ab4f-f3d1-48b7-b80e-d11969442cc7","4d64e479-1ddf-4e5f-a03d-c2f0e547f0bb"
"dab5a7bf-2648-4f67-8e7f-d9ce0f8976f0",,"Как протича изпита и как се подават резултати","0","https://www.loom.com/embed/89342cec55f64f969e6e58b44b0301a3?sid=14a2ad76-91c5-41e0-9826-fb313529b45b","4d64e479-1ddf-4e5f-a03d-c2f0e547f0bb"
"dceb98f4-aa30-4ba7-99ea-88cfdadc85ee","2b4b56cc-97fe-4211-b3e8-3c175ef37532","Кратко съединяване (&& и ||)","66","https://www.loom.com/embed/0c67bb9f8a01450193e4c8bae0a32725?sid=d1f09873-09d8-425e-904b-e85b29f9005b","4d64e479-1ddf-4e5f-a03d-c2f0e547f0bb"
"df118817-c91b-4250-8c73-a82309c582be","7f104b96-60bf-4b7f-863c-7583897b078a","Какво е supabase и създаване на първата ни база данни","26","https://www.loom.com/embed/5f79236fa71c418889d4fe1396ef3ad7?sid=f2a1302e-11f0-4670-99fb-be8b939dbc34","4d64e479-1ddf-4e5f-a03d-c2f0e547f0bb"
"dfd975fe-1222-4d06-90e9-7f921934f655","5ccbbd1b-c5ea-44b7-a5ac-f6e36293a0dd","Разяснение на уеб разработката на високо ниво","2","https://www.loom.com/embed/233baa543c89460cb626f4f1139b6ee6?sid=ed2c7c95-c32a-4107-bb7a-80f60982273d","4d64e479-1ddf-4e5f-a03d-c2f0e547f0bb"
"e0f088d1-fa31-4c17-803f-58f7da6145a7","9e0be2f0-c846-4d75-bef0-4eea53dc0276","Проект: Познай моето число!","44","https://www.loom.com/embed/57832662a664499082d5ab1be25d8856?sid=ce8cfb4b-d25d-4369-b115-9b670390a833","4d64e479-1ddf-4e5f-a03d-c2f0e547f0bb"
"e25b140c-9c41-4a98-9729-1f4883eb1f83","bf7c2023-a1ce-433c-801c-750caf99ebfa","Стрингове и шаблонни литерали","10","https://www.loom.com/embed/28a4d85c5d774733a6262c35ae72c7e7?sid=c9b93a42-48b1-4a63-91ad-0b2c86d7189e","4d64e479-1ddf-4e5f-a03d-c2f0e547f0bb"
"e2c3e138-aefc-4524-9e58-8a9a83669c84","bf7c2023-a1ce-433c-801c-750caf99ebfa","Въведение в раздела","0","https://www.loom.com/embed/4b7e7fd7212d42d49fffba7417b6d2bc?sid=28ba5233-4fef-484a-b413-dfc5c50e5d41","4d64e479-1ddf-4e5f-a03d-c2f0e547f0bb"
"e3931429-c5ba-4216-b719-c43483731a9f","9b649395-a843-45bf-b3bb-849884262530","Въведение в CSS Grid","45","https://www.loom.com/embed/e12f1caabf844b5b979b43eea74a8124?sid=b30a7695-0420-4e63-8e30-6d7f11e0fac3","4d64e479-1ddf-4e5f-a03d-c2f0e547f0bb"
"e577f54c-ec9d-446b-b024-34d5ffa3df66","66bd1026-a3a7-4a45-92e5-ea06b91764bf","Теория на CSS #1: Конфликти между селектори","21","https://www.loom.com/embed/490d1e8bd0a04302870e292d97a80e5d?sid=1018a984-d632-45e1-a4f1-92531ecbaf6b","4d64e479-1ddf-4e5f-a03d-c2f0e547f0bb"
"e59e7068-140c-4dd5-ab21-c671d1beee1c","bf7c2023-a1ce-433c-801c-750caf99ebfa","Приоритет на операторите","7","https://www.loom.com/embed/341dc1f2aa4d4ae8bbae3e32b2c784cc?sid=0cd50f2a-1bae-4c78-b5cb-797d14348b97","4d64e479-1ddf-4e5f-a03d-c2f0e547f0bb"
"e6e77d33-b8b6-47e0-b87c-696568a0309c","a31fdcd6-2c9e-4627-a639-9d2b5efb5074","Изграждане на раздела ""Как се работи""","75","https://www.loom.com/embed/3316313b0b1c49f589cce79a858d0116?sid=d1d51920-03cd-437d-866c-0c7bd264c64d","4d64e479-1ddf-4e5f-a03d-c2f0e547f0bb"
"e723951c-5081-4fe3-b79f-54dda3db6984","9b649395-a843-45bf-b3bb-849884262530","Разстояние и подравняване на Flex елементи","40","https://www.loom.com/embed/5f3f014c217240fd9eccd816b346c726?sid=434a82dd-4eb9-481b-86ec-2439165b017d","4d64e479-1ddf-4e5f-a03d-c2f0e547f0bb"
"e786707d-2926-432c-8c4c-54c9fa540e50","2585dbe8-742c-440c-8bf1-fb5a7b940ab4","Kак работят rem и max-width","54","https://www.loom.com/embed/7fdedbd2329d44c9829c7e410b95fcff?sid=754ac451-b0f2-485b-8a62-c9306032853e","4d64e479-1ddf-4e5f-a03d-c2f0e547f0bb"
"e86971ec-7c04-43b9-b703-03cdc3e9ba5d","5ccbbd1b-c5ea-44b7-a5ac-f6e36293a0dd","Настройване на редактора на код","3","https://www.loom.com/embed/78c5fec82d8a4ec09265849322e0f3ac?sid=c1470600-302e-43bc-b0a3-28ec35d10b6c","4d64e479-1ddf-4e5f-a03d-c2f0e547f0bb"
"e9d9ea48-a0c7-4bf4-a84e-a7723e460df9","cdb18736-9ed1-4ad9-a6d1-f623ec08ed43","forEach() и map()","38","https://www.loom.com/embed/d04b6ee7580a4dd7aa559f7739e8e214?sid=5e199c80-241f-4fcc-8ce0-6ecf654772a7","4d64e479-1ddf-4e5f-a03d-c2f0e547f0bb"
"ea53d57e-6de2-46b6-9ed1-89060e5e91e0","5ebd12ca-541a-4d3f-b212-1eaeded5be5d","Препратка към HTML от CSS-Tricks","3",,"d44a6a01-5e5a-43a8-b711-38b1203a2698"
"ea556f0b-eae6-40e0-89ae-119ff442c288","00950471-14e8-48ce-b191-4db30386af72","Стилизиране на форми","24","https://www.loom.com/embed/ab52f65739f94af49be245df42def04f?sid=65cd2f19-5a8e-4cf6-97f5-821e6861d99f","4d64e479-1ddf-4e5f-a03d-c2f0e547f0bb"
"eb2fc01f-8f74-497d-adca-141dc1f6867d","8736c73a-5957-4407-bddb-f1d2a23eb55a","Джобно ръководство по типография","13",,"ccf9173d-da4f-4b46-9a20-8fa98b4955e0"
"ebfe4c8d-69bb-42be-b5d5-20984d3d5d51",,"Как да взема сертификат и какво предстои","2","https://www.loom.com/embed/92a2890d6da5449e9bb64a3d6bf764a3?sid=43af7ed9-567c-4030-b8eb-9c05907a3ad1","80cbdd53-b70a-4679-a850-d8f9f104797d"
"edb97a2d-3752-4478-8cae-f4e0596782a1","9e0be2f0-c846-4d75-bef0-4eea53dc0276","Обработка на събитие при натискане на клавиш","55","https://www.loom.com/embed/8ffc52cf28044a3ab810ab157241e3c2?sid=afe1ed19-05bd-4946-8808-daa3e0295099","4d64e479-1ddf-4e5f-a03d-c2f0e547f0bb"
"eea2f9ed-c322-42de-ba7f-fb9663ef910b","cdb18736-9ed1-4ad9-a6d1-f623ec08ed43","Питане на въпрос","44","https://www.loom.com/embed/1c9911b7236943e381fe73795a581558?sid=2eab1ecd-b132-4513-ad4d-3631c3c2d5ae","4d64e479-1ddf-4e5f-a03d-c2f0e547f0bb"
"f13c3cd7-f769-4f41-bace-e39a44d027bc","e8154671-70c2-4512-96f2-9c6e6d7eafa4","Качване в интернет","45","https://www.loom.com/embed/52cec7b70b064f72aa2f80691259b7cf?sid=135cc859-ce00-4ef6-be41-dfd4337a2e2a","4d64e479-1ddf-4e5f-a03d-c2f0e547f0bb"
"f1e0fd45-d7b7-460e-9cc3-9a1a3aa64d90","8c25c482-89ab-4138-bdc3-778f6d92904e","if / else изрази","11","https://www.loom.com/embed/28052f5ab42544519870eacecc9f0a12?sid=dd0e7680-d416-42c9-9a0d-cbd29389d299","4d64e479-1ddf-4e5f-a03d-c2f0e547f0bb"
"f3260256-3692-4e04-a8e0-a09d025da4bf","13e1047d-4530-4c0a-887b-c43de1b48a19","Линкове, снимки и атрибути","7","https://www.loom.com/embed/4e5fdb004f284ce7bc7ca78502932ff8?sid=4c3e5cf7-8db5-4d36-a823-8277876f8fe8","4d64e479-1ddf-4e5f-a03d-c2f0e547f0bb"
"f56faf3b-2361-4e2b-af36-4d91384c7b1d","b254fd10-03b6-41bf-b6a7-a8e21a614ab2","Предизвикателство #6","33",,"42ea6c9e-e8b2-4d1b-b253-0fe783c9cd22"
"f5c4afee-7c16-4e1a-b5ee-ee59deb6f7ef","2b4b56cc-97fe-4211-b3e8-3c175ef37532","Операторът за разширяване (...)","64","https://www.loom.com/embed/44681a8eae894c6386db82913621bd15?sid=e75ac45d-2b90-47fc-9e3f-f23d001ea253","4d64e479-1ddf-4e5f-a03d-c2f0e547f0bb"
"f6047c06-3c7a-42a2-bd4e-162b2ef077fa","cdb18736-9ed1-4ad9-a6d1-f623ec08ed43","Масиви","36","https://www.loom.com/embed/bb81298efb58427c9892e3f9d6fca2a5?sid=d1c9ad2f-047a-4070-8cdd-97ab6c567e61","4d64e479-1ddf-4e5f-a03d-c2f0e547f0bb"
"f6054b1d-456d-4a60-a84d-42701b91b6fd","ee1f042b-b59a-4643-b935-8bfa478107a9","Ionicons","22",,"b8783acd-f55b-44c9-83d2-4742804b196f"
"f6b64db3-cb63-4d4b-89ea-9693e9cf3e64","00950471-14e8-48ce-b191-4db30386af72","Изграждане на малки layout-и с flexbox","17","https://www.loom.com/embed/450413824792401ba353d073f1fa3b31?sid=fb41f8e0-69a1-4cb8-917a-4b12c4d24d10","4d64e479-1ddf-4e5f-a03d-c2f0e547f0bb"
"f7a34ab5-c515-47c8-8da8-8af57903aed2","a31fdcd6-2c9e-4627-a639-9d2b5efb5074","Изграждане на раздел ""Проекти"" част 1","76","https://www.loom.com/embed/4e50a56f8fcd4edea1d8e464a6cd0861?sid=017cf4ca-f1a9-44d7-a995-d162e86bb05b","4d64e479-1ddf-4e5f-a03d-c2f0e547f0bb"
"f7ebf083-19de-4a7f-8c52-e818dabc656b","249c6614-b5f4-458b-9837-d1f4454c974d","Добавяне на нашите изображения","60","https://www.loom.com/embed/f581264f8bd640d4a483d8577ca69a78?sid=d041b56b-2d05-4ba7-ac92-5659b69075fc","4d64e479-1ddf-4e5f-a03d-c2f0e547f0bb"
"f7f4e143-156a-4734-81bb-74612f710ea1","a31fdcd6-2c9e-4627-a639-9d2b5efb5074","Настройка на CSS grid","74","https://www.loom.com/embed/2b4e7b9d38e242a78794ede76dd6163e?sid=7ad9de1b-171c-4d81-9f90-310b7bd7e0ef","4d64e479-1ddf-4e5f-a03d-c2f0e547f0bb"
"fb56cb03-e22e-4b3c-a8a3-6c11ee6cac4c","a31fdcd6-2c9e-4627-a639-9d2b5efb5074","Изглед за по-малките таблети","87","https://www.loom.com/embed/c10158d9b98240aeb9f62f6fcb66283c?sid=a5ea1544-a799-4262-93fa-de7678153a5e","4d64e479-1ddf-4e5f-a03d-c2f0e547f0bb"
"fe005778-daf3-4713-8eaa-9e578a3117e3","ac357ecf-4898-4449-9dcd-89470fc6affc","Стрелкови функции","27","https://www.loom.com/embed/eb73015e52b345a7a472210675ccd189?sid=0752d484-2d44-4878-8039-34815c5cabcc","4d64e479-1ddf-4e5f-a03d-c2f0e547f0bb"
"fe89526e-cdbe-49d1-a4ac-49d43b8cf186","8c25c482-89ab-4138-bdc3-778f6d92904e","Условен (тернарен) оператор","21","https://www.loom.com/embed/99cdd4b8d3e34249bc895f8f07a2dccd?sid=df487a34-d438-4a31-b431-f7857835d46c","4d64e479-1ddf-4e5f-a03d-c2f0e547f0bb"
"ff1ed645-ba84-4bc5-8c0b-30f6818dffd7","66bd1026-a3a7-4a45-92e5-ea06b91764bf","Вътрешен, външен и вграден CSS","12","https://www.loom.com/embed/9dbfccb2228b41dc81fa1128c6edbb9b?sid=63ab8458-50a4-46f9-b55c-a699082e2f29","4d64e479-1ddf-4e5f-a03d-c2f0e547f0bb"