"id","label","markdown"
"015416de-fb27-4771-bd5d-c0bca1e04b4c","js-challenge-9","<br />Днес ще направим приложение за футболни залагания! Да предположим, че получаваме данни от уеб услуга за даден мач (по-долу). В това предизвикателство ще работим с тези данни

<br /> ```javascript
const game = {
  team1: 'Real Madrid',
  team2: 'FC Barcelona',
  players: [
    [
      'Lunin',
      'Vazquez',
      'Militao',
      'Rudiger',
      'Mendy',
      'Tchouameni',
      'Camavinga',
      'Valverde',
      'Bellingham',
      'Vinicius',
      'Mbappe',
    ],
    [
      'Pena',
      'Kounde',
      'Cubarsi',
      'Martinez',
      'Balde',
      'Pedri',
      'Casado',
      'Fermin',
      'Yamal',
      'Lewandowski',
      'Raphinha',
    ],
  ],
  score: '0:4',
  scored: ['Lewandowski', 'Lewandowski', 'Yamal', 'Raphinha'],
  date: 'Oct 26th, 2037',
  odds: {
    team1: 2.50,
    x: 5.50,
    team2: 3.75,
  },
};
```

### Задача

1. Създай по един масив с играчи за всеки отбор (променливи players1 и players2).<br /><br />

2. Първият играч във всеки масив с играчи е вратарят, а останалите са полеви играчи.
   За Барселона (отбор 2) създай една променлива (gk) с името на вратаря и един масив (fieldPlayers) с останалите 10 полеви играчи.<br /><br />

3. Създай масив allPlayers, съдържащ всички играчи на двата отбора (22 играчи).<br /><br />

4. По време на мача Барселона (отбор 2) използва 3 резервни играчи. Създай нов масив (players1Final), съдържащ всички оригинални играчи на отбор 2 плюс 'Frenkie de Jong', 'Dani Olmo' и 'Gavi'.<br /><br />

5. Въз основа на обекта game.odds, създай по една променлива за всеки коефициент (наречени 'team1', 'draw' и 'team2').<br /><br />

6. Напиши функция (printGoals), която получава произволен брой имена на играчи (НЕ масив) и отпечатва всяко от тях на конзолата, заедно с общия брой отбелязани голове (броя на подадените имена на играчи).<br /><br />

7. Отборът с по-нисък коефициент е по-вероятно да спечели. Отпечатай в конзолата кой отбор има по-големи шансове за победа, БЕЗ да използваш if/else израз или тернарен оператор.<br /><br />

### ТЕСТОВИ ДАННИ ЗА ТОЧКА 6:

Използвай играчите 'Lewandowski', 'Lewandowski', 'Yamal', 'Raphinha'. След това извикай функцията отново с играчите от game.scored.<br /><br />"
"04407eb6-12ec-4ee7-973f-59f48734dc83","resource-colors-open-color","<br/>
Open Color е отворен източник на цветови схеми, оптимизирани специално за потребителски интерфейси (UI). Това е моят основен ресурс, когато избирам цветове от самото начало за всеки проект. Предлага лесен и структуриран начин за избор на цветови палитри, които подобряват визуалното въздействие.<br/><br/>
👉 Виж повече [ТУК](https://yeun.github.io/open-color/)<br/><br/>

### При затруднение се свържи с мен за помощ, ще се заема с казуса ти директно, без да губиш време!
<hr style=""margin-block: 15px""/>

1. Последвай ме за ексклузивно съдържание: [YouTube](""https://www.youtube.com/@marto171""), [Instagram](""https://www.instagram.com/marto_171"")<br/><br/>

<div style=""background-color: #f8f7f5; color: #555555; border-left: solid 5px #5C45FD; padding-inline: 1rem; padding-block: 0.5rem "">
    <strong>Отказ от отговорност по отношение на успех</strong> Материалите от нашия курс се предоставят само с образователна цел и не гарантират успех. Резултатите са различни и зависят от индивидуалните усилия и обстоятелства. Показаните примери не са типични и няма гаранция, че ще постигнете подобни резултати. Само упоритата работа се отплаща!
</div>
"
"061609c8-c971-423d-8ffd-fa2258145a77","resource-icons-font-awesome","<br/>
Font Awesome е изключително популярен иконичен шрифт, който съдържа над 1000 икони, разделени в множество категории. Това е един от най-използваните ресурси за добавяне на икони към уеб проекти, благодарение на своята гъвкавост и лесна интеграция.<br/><br/>
👉 Виж повече [ТУК](https://fontawesome.com/)<br/><br/>

### При затруднение се свържи с мен за помощ, ще се заема с казуса ти директно, без да губиш време!
<hr style=""margin-block: 15px""/>

1. Последвай ме за ексклузивно съдържание: [YouTube](""https://www.youtube.com/@marto171""), [Instagram](""https://www.instagram.com/marto_171"")<br/><br/>

<div style=""background-color: #f8f7f5; color: #555555; border-left: solid 5px #5C45FD; padding-inline: 1rem; padding-block: 0.5rem "">
    <strong>Отказ от отговорност по отношение на успех</strong> Материалите от нашия курс се предоставят само с образователна цел и не гарантират успех. Резултатите са различни и зависят от индивидуалните усилия и обстоятелства. Показаните примери не са типични и няма гаранция, че ще постигнете подобни резултати. Само упоритата работа се отплаща!
</div>"
"1a625369-2a05-415e-b4e9-1e610ddee15a","js-challenge-11","<br />Нека продължим с нашето приложение за футболни залози! Този път имаме множество с хронология на събитията, които са се случили по време на мача. Стойностите са самите събития, а ключовете са минутите, в които всяко събитие се е случило (един футболен мач има 90 минути плюс допълнително време).

<br /> ```javascript
const gameEvents = new Map([
[8, '⚽️ GOAL'],
[15, '🟨 Yellow card'],
[36, '🔁 Substitution'],
[44, '🟨 Yellow card'],
[56, '⚽️ GOAL'],
[57, '🔁 Substitution'],
[61, '🔁 Substitution'],
[65, '🟥 Red card'],
[69, '🔁 Substitution'],
[77, '🔁 Substitution'],
[77, '⚽️ GOAL'],
[82, '🟨 Yellow card'],
[84, '⚽️ GOAL'],
[87, '🟨 Yellow card'],
[90, '🔁 Substitution'],
]);
```

### Задача

1. Създайте масив 'meetings' с различните събития от мача (без дубликати).<br /><br />

2. След като мачът е приключил, се установява, че червеният картон от 65-тата минута е бил несправедлив. Затова премахнете това събитие от хронологията на събитията.<br /><br />

3. Отпечатайте следния низ в конзолата: "" Събитие се е случвало средно на всеки 6 минути."" (имайте предвид, че един мач има 90 минути).<br /><br />

4. Обходете събитията и ги изведете в конзолата, като отбележите дали са в първото или второто полувреме (след 45-тата минута) на мача, по следния начин:

   <br />  [ПЪРВО ПОЛУВРЕМЕ] 8: ⚽️ GOAL"
"201c3a98-3193-4f64-8ff1-a515fe54d37e","resource-html","<br/>
HTML5 Reference by MDN е изчерпателен ресурс, предоставящ пълна информация за всички HTML елементи. Той е удобен за разработчици, които не е нужно да знаят всеки елемент наизуст, тъй като могат лесно да се обърнат към тази справка при нужда. Това го прави изключително полезен инструмент за бърза и точна информация по време на уеб разработка.<br/><br/>
👉 Виж повече [ТУК](https://developer.mozilla.org/en-US/docs/Web/HTML/Element)<br/><br/>

### При затруднение се свържи с мен за помощ, ще се заема с казуса ти директно, без да губиш време!
<hr style=""margin-block: 15px""/>

1. Последвай ме за ексклузивно съдържание: [YouTube](""https://www.youtube.com/@marto171""), [Instagram](""https://www.instagram.com/marto_171"")<br/><br/>

<div style=""background-color: #f8f7f5; color: #555555; border-left: solid 5px #5C45FD; padding-inline: 1rem; padding-block: 0.5rem "">
    <strong>Отказ от отговорност по отношение на успех</strong> Материалите от нашия курс се предоставят само с образователна цел и не гарантират успех. Резултатите са различни и зависят от индивидуалните усилия и обстоятелства. Показаните примери не са типични и няма гаранция, че ще постигнете подобни резултати. Само упоритата работа се отплаща!
</div>"
"2096b516-3f48-41ea-814b-538409d94ef7","resource-fonts-google","<br/>
Google Fonts е най-добрият ресурс за безплатни и лесни за използване уеб шрифтове. Той предлага огромна библиотека от разнообразни шрифтове, които можеш лесно да интегрираш в своите проекти. Перфектен избор за разработчици и дизайнери, които искат да подобрят визията на своите уебсайтове.<br/><br/>
👉 Виж повече [ТУК](https://fonts.google.com/)<br/><br/>

### При затруднение се свържи с мен за помощ, ще се заема с казуса ти директно, без да губиш време!
<hr style=""margin-block: 15px""/>

1. Последвай ме за ексклузивно съдържание: [YouTube](""https://www.youtube.com/@marto171""), [Instagram](""https://www.instagram.com/marto_171"")<br/><br/>

<div style=""background-color: #f8f7f5; color: #555555; border-left: solid 5px #5C45FD; padding-inline: 1rem; padding-block: 0.5rem "">
    <strong>Отказ от отговорност по отношение на успех</strong> Материалите от нашия курс се предоставят само с образователна цел и не гарантират успех. Резултатите са различни и зависят от индивидуалните усилия и обстоятелства. Показаните примери не са типични и няма гаранция, че ще постигнете подобни резултати. Само упоритата работа се отплаща!
</div>"
"354d133f-75c7-4f73-9be6-a25125c00900","js-challenges-note","<br />
Предстои ви първото предизвикателство в този модул!<br /><br />


Не пропускайте предизвикателствата – те са ключови за вашето развитие в обучението!<br /><br />


Ето как работят предизвикателствата в модула „JavaScript“:<br /><br />


🚀 Всяко предизвикателство представлява „Упражнение за кодиране“, което можете да решавате директно в редактора си за код.<br /><br />


💡 Ако се затруднявате, ще получите съвети и връзки към свързани лекции.<br /><br />


✅ Предайте за преглед от ментор - прикачвате всяко едно от предизвикателствата за линка под лекцията.<br /><br />


Успех и приятно кодиране! 👨‍💻<br /><br />"
"35549224-2b20-4b71-be20-74ab83bfa906","js-challenge-5","<br />
Два гимнастически отбора, Тигрите и Лъвовете, се състезават в нова гимнастическа дисциплина, която работи по различен начин.<br /><br />

Всеки отбор се състезава 3 пъти, след което се изчислява средната оценка от трите резултата (така че има по една средна оценка за всеки отбор).<br /><br />

Един отбор печели само ако има поне двойно по-висока средна оценка от другия отбор. В противен случай, никой отбор не печели!<br /><br />

### Задача

1. Създай стрелкова функция calcAverage, която изчислява средната стойност на 3 резултата. Тази функция трябва да има три параметъра и да връща едно число (средната оценка).<br /><br />

2. Създай две нови променливи — `scoreTigers` и `scoreLions`, и им присвой стойността, върната от функцията `calcAverage` (ще трябва да извикаш тази функция и да предадеш резултати като аргументи).<br /><br />

3. Създай функция checkWinner, която приема средната оценка на всеки отбор като параметри (`avgTigers` и `avgLions`), след което логва победителя в конзолата, заедно с точките на победата, според правилото по-горе. Пример: „Лъвовете печелят (30 срещу 13)” (използвай avgTigers и avgLions вместо твърди стойности).<br /><br />

4. Използвай функцията checkWinner, за да определиш победителя за ДАННИ 1 и ДАННИ 2.<br /><br />

Пренебрегни равенствата този път. Вместо това, логвай „Никой отбор не печели...“ в конзолата, ако няма победител.

### Тестови данни
#### ТЕСТ ДАННИ #1
Тигрите получиха 55, 21 и 69 точки. Лъвовете получиха 53, 51 и 48 точки.<br /><br />
#### ТЕСТ ДАННИ #2
Тигрите получиха 53, 10 и 43 точки. Лъвовете получиха 21, 35 и 29 точки.<br /><br />

Прикачи своето готово предизвикателство [ТУК](https://classroom.google.com/w/NzA5MjE2MTM0MTAz/tc/NzEwMjA2NjkxNDU2)"
"37300147-82f0-4abc-9cdb-0cda669fe962","resource-design-awwards","<br/>
Awwwards е платформа, която награждава дизайн, креативност и иновации в интернет. Тук ще откриеш най-добрите уебсайтове, представени от дизайнери от цял свят, като този ресурс е идеален за вдъхновение и изучаване на най-добрите практики в уеб дизайна.<br/><br/>
👉 Виж повече [ТУК](https://www.awwwards.com/)<br/><br/>

### При затруднение се свържи с мен за помощ, ще се заема с казуса ти директно, без да губиш време!
<hr style=""margin-block: 15px""/>

1. Последвай ме за ексклузивно съдържание: [YouTube](""https://www.youtube.com/@marto171""), [Instagram](""https://www.instagram.com/marto_171"")<br/><br/>

<div style=""background-color: #f8f7f5; color: #555555; border-left: solid 5px #5C45FD; padding-inline: 1rem; padding-block: 0.5rem "">
    <strong>Отказ от отговорност по отношение на успех</strong> Материалите от нашия курс се предоставят само с образователна цел и не гарантират успех. Резултатите са различни и зависят от индивидуалните усилия и обстоятелства. Показаните примери не са типични и няма гаранция, че ще постигнете подобни резултати. Само упоритата работа се отплаща!
</div>"
"37650f84-ee3e-4caf-9ee1-67696af68583","js-challenge-1","### Задача

Веселин и Мартин се опитват да сравнят техните индекси на телесна маса (BMI), който се изчислява с формулата:<br /><br />


BMI = маса / (височина * височина)<br /><br />

Мерни единици - (маса в кг и височина в метри).<br /><br />


Твоята задача е да напишеш код, който да им помогне да пресмятат индекса си по-лесно. Следвай следните стъпки:<br /><br />


1. Съхрани масата и височината на Веселин и Мартин в променливи, наречени massVeselin, heightVeselin, massMartin и heightMartin.<br /><br />


2. Изчисли техните BMI-та, използвайки формулата, и съхрани резултатите в две променливи, наречени BMIVeselin и BMIMartin.<br /><br />


3. Логни стойностите на BMIVeselin и BMIMartin в конзолата.<br /><br />


БОНУС: Създай булева променлива veselinHigherBMI, която съдържа информация дали Веселин има по-висок BMI от Мартин. Логни и нея в конзолата.
### Тестови данни
#### ТЕСТ ДАННИ #1

Веселин тежи 78 кг и е висок 1.69 м.

Мартин тежи 92 кг и е висок 1.95 м.
#### ТЕСТ ДАННИ #2

Веселин тежи 95 кг и е висок 1.88 м.

Мартин тежи 85 кг и е висок 1.76 м.<br /><br />
Прикачи своето готово предизвикателство [ТУК](https://classroom.google.com/w/NzA5MjE2MTM0MTAz/tc/NzEwMjA2NjkxNDU2)"
"38c3c5f4-5304-4af8-83af-4ea4d8524785","resource-css-clippy","<br/>
Clippy е малък инструмент, който помага при използването на новото и мощно свойство clip-path в CSS. Той улеснява създаването на персонализирани форми за елементи, без да е необходимо ръчно да пишеш сложни кодове. Отличен инструмент за визуална работа с клипиращи пътища в уеб дизайна.<br/><br/>
👉 Виж повече [ТУК](https://bennettfeely.com/clippy/)<br/><br/>

### При затруднение се свържи с мен за помощ, ще се заема с казуса ти директно, без да губиш време!
<hr style=""margin-block: 15px""/>

1. Последвай ме за ексклузивно съдържание: [YouTube](""https://www.youtube.com/@marto171""), [Instagram](""https://www.instagram.com/marto_171"")<br/><br/>

<div style=""background-color: #f8f7f5; color: #555555; border-left: solid 5px #5C45FD; padding-inline: 1rem; padding-block: 0.5rem "">
    <strong>Отказ от отговорност по отношение на успех</strong> Материалите от нашия курс се предоставят само с образователна цел и не гарантират успех. Резултатите са различни и зависят от индивидуалните усилия и обстоятелства. Показаните примери не са типични и няма гаранция, че ще постигнете подобни резултати. Само упоритата работа се отплаща!
</div>"
"3b64cbcb-f196-4d34-b0b8-571a87eab0c0","resource-js-operators","<br/>
JavaScript Operator Precedence Table е много полезна справка, която показва реда на изпълнение на операторите в JavaScript. Този удобен cheatsheet помага лесно да разбереш кои оператори се оценяват първи по време на изпълнение на кода. Препоръчвам го за всеки, който иска да оптимизира своя код и да избегне грешки.<br/><br/>
👉 Виж повече [ТУК](https://developer.mozilla.org/en-US/docs/Web/JavaScript/Reference/Operators/Operator_precedence)<br/><br/>

### При затруднение се свържи с мен за помощ, ще се заема с казуса ти директно, без да губиш време!
<hr style=""margin-block: 15px""/>

1. Последвай ме за ексклузивно съдържание: [YouTube](""https://www.youtube.com/@marto171""), [Instagram](""https://www.instagram.com/marto_171"")<br/><br/>

<div style=""background-color: #f8f7f5; color: #555555; border-left: solid 5px #5C45FD; padding-inline: 1rem; padding-block: 0.5rem "">
    <strong>Отказ от отговорност по отношение на успех</strong> Материалите от нашия курс се предоставят само с образователна цел и не гарантират успех. Резултатите са различни и зависят от индивидуалните усилия и обстоятелства. Показаните примери не са типични и няма гаранция, че ще постигнете подобни резултати. Само упоритата работа се отплаща!
</div>"
"42ea6c9e-e8b2-4d1b-b253-0fe783c9cd22","js-challenge-6","<br />
Мартин иска да подобриш калкулатора за бакшиши на Веско, използвайки същите правила както преди — бакшишът е 15% от сметката, ако стойността на сметката е между 50 и 300, а ако е различна, бакшишът е 20%.

### Задача

1. Напиши функция calcTip, която приема стойността на сметката като вход и връща съответния бакшиш, изчислен според горепосочените правила (можеш да погледнеш кода от първото предизвикателство с бакшиши, ако ти трябва). Използвай типа функция, който ти харесва най-много. Тествай функцията със стойност на сметката от 100.<br /><br />

2.А сега нека използваме масиви! Създай масив, наречен bills, съдържащ тестовите данни по-долу.<br /><br />

3.Създай масив, наречен tips, съдържащ стойността на бакшишите за всяка сметка, изчислени от функцията, която създаде по-рано.
### Тестови данни
#### ТЕСТ ДАННИ #1
185, 544 и 65.<br /><br />

Прикачи своето готово предизвикателство [ТУК](https://classroom.google.com/w/NzA5MjE2MTM0MTAz/tc/NzEwMjA2NjkxNDU2)"
"47afc7bd-9750-4571-9111-f2d46d1f4e41","before-start","#### 1️⃣ Изтегляне на стартови файлове и слайдове

<hr style=""margin-block: 15px""/>

Преди да започнете всяка една от лекциите, моля, изтеглете стартовите файлове (ако има такива, в случая няма) на проекта и слайдовете на курса от линковете в края на тази лекция 👇
<br/><br/>

Не забравяйте да избирате лекциите, които сте преминали като преминати, за да можем да проследяваме прогреса Ви:<br/><br/>

![Избиране като преминати](https://ozwkuahulnwluilmnjjr.supabase.co/storage/v1/object/public/Application%20Images/descriptions/mark-finished.png)<br/><br/>

#### 2️⃣ Проблеми с курса
<hr style=""margin-block: 15px""/>

Ако се сблъскате с някакви проблеми, ето какво можете да направите в този ред:

1) Първо, внимателно сравнете вашия код с кода, показан във видеоклиповете. Ако вашият код е същият, той трябва да работи.<br/><br/>

2) Ако това не помогне, можете да зададете въпрос в канала за въпроси и отговори на курса. Не забравяйте да напишете кратко описание и да прикачите кода, който не работи. Ще получите бърза и приятелска подкрепа 🙂

#### 3️⃣ Общи съвети
<hr style=""margin-block: 15px""/>

👉 Искам да подчертая, че програмирането е много объркващо в началото, за всички! Особено след като стигнете до раздела за JavaScript и React... Но моля ви, не се отказвайте!

👉 Трябва да програмирате заедно с мен, за да научите нещо от курса

👉 Бих гледал курса с 1,25х или 1,5х скорост (но може би това е само моето нетърпение 😅)

👉 Курсът работи на всички операционни системи (Windows, macOS и Linux)

👉 Не използвайте номерата на лекциите, когато си водите записки, защото те ще се променят всеки път, когато актуализирам нещо в курса.

👉 Предавайте всички домашни от посочените линкове под видеата. Линк за присъединяване от <a href=""https://classroom.google.com/c/NzA5MjE2MTM0MTAz?cjc=i76b3zh"">ТУК</a> (моля влезте сега)

👉 Моля ви използвайте коректни акаунти, които съвпадат с вашето име, за да избегнем неудобства.

#### 4️⃣ Общност и ресурси
<hr style=""margin-block: 15px""/>

👉 Имаме много приятелска общност от хора тук. Тук е мястото, където учите заедно с други ученици като вас, а също и мястото, където можете да получавате новини за нови курсове.

👉 Допълнителни безплатни ресурси можете да намерите по пътя на обучението си.

А сега се забавлявайте много с курса! 😁<br/><br/>

<div style=""background-color: #f8f7f5; color: #555555; border-left: solid 5px #5C45FD; padding-inline: 1rem; padding-block: 0.5rem "">
    <strong>Отказ от отговорност по отношение на успех</strong> Материалите от нашия курс се предоставят само с образователна цел и не гарантират успех. Резултатите са различни и зависят от индивидуалните усилия и обстоятелства. Показаните примери не са типични и няма гаранция, че ще постигнете подобни резултати. Само упоритата работа се отплаща!
</div>"
"4891ab02-06de-4f3a-b560-ead6190157f6","resource-colors-flat-ui","<br/>
Flat UI Colors е чудесен стартов ресурс за избор на цветове в стил flat design за следващия ти проект. Той предлага добре подбрани цветови палитри, които са лесни за използване и модерни.<br/><br/>
👉 Виж повече [ТУК](https://flatuicolors.com/)<br/><br/>

### При затруднение се свържи с мен за помощ, ще се заема с казуса ти директно, без да губиш време!
<hr style=""margin-block: 15px""/>

1. Последвай ме за ексклузивно съдържание: [YouTube](""https://www.youtube.com/@marto171""), [Instagram](""https://www.instagram.com/marto_171"")<br/><br/>

<div style=""background-color: #f8f7f5; color: #555555; border-left: solid 5px #5C45FD; padding-inline: 1rem; padding-block: 0.5rem "">
    <strong>Отказ от отговорност по отношение на успех</strong> Материалите от нашия курс се предоставят само с образователна цел и не гарантират успех. Резултатите са различни и зависят от индивидуалните усилия и обстоятелства. Показаните примери не са типични и няма гаранция, че ще постигнете подобни резултати. Само упоритата работа се отплаща!
</div>"
"4cbc7b36-101e-4add-b472-45b7fb4b5057","resource-js-es6","<br/>
ES6+ Browser Compatibility Table е полезна справка, която показва новите функции на ES6+ и тяхната поддръжка в различни браузъри. Този инструмент помага бързо да провериш кои съвременни JavaScript функции можеш да използваш в зависимост от браузъра на потребителя.<br/><br/>
👉 Виж повече [ТУК](https://compat-table.github.io/compat-table/es6/)<br/><br/>

### При затруднение се свържи с мен за помощ, ще се заема с казуса ти директно, без да губиш време!
<hr style=""margin-block: 15px""/>

1. Последвай ме за ексклузивно съдържание: [YouTube](""https://www.youtube.com/@marto171""), [Instagram](""https://www.instagram.com/marto_171"")<br/><br/>

<div style=""background-color: #f8f7f5; color: #555555; border-left: solid 5px #5C45FD; padding-inline: 1rem; padding-block: 0.5rem "">
    <strong>Отказ от отговорност по отношение на успех</strong> Материалите от нашия курс се предоставят само с образователна цел и не гарантират успех. Резултатите са различни и зависят от индивидуалните усилия и обстоятелства. Показаните примери не са типични и няма гаранция, че ще постигнете подобни резултати. Само упоритата работа се отплаща!
</div>"
"4d31efd7-b6ac-456b-a773-20b5795b865e","resource-js-event-driven-arc","<br/>
JavaScript Event Reference е удобен списък с всички DOM събития, придружени с обяснения и категоризирани по начин, който улеснява търсенето. Тази справка е изключително полезна за разработчиците, които работят с динамични уеб страници и искат бързо да намерят информация за различните събития.<br/><br/>
👉 Виж повече [ТУК](https://udn.realityripple.com/docs/Web/Events)<br/><br/>

### При затруднение се свържи с мен за помощ, ще се заема с казуса ти директно, без да губиш време!
<hr style=""margin-block: 15px""/>

1. Последвай ме за ексклузивно съдържание: [YouTube](""https://www.youtube.com/@marto171""), [Instagram](""https://www.instagram.com/marto_171"")<br/><br/>

<div style=""background-color: #f8f7f5; color: #555555; border-left: solid 5px #5C45FD; padding-inline: 1rem; padding-block: 0.5rem "">
    <strong>Отказ от отговорност по отношение на успех</strong> Материалите от нашия курс се предоставят само с образователна цел и не гарантират успех. Резултатите са различни и зависят от индивидуалните усилия и обстоятелства. Показаните примери не са типични и няма гаранция, че ще постигнете подобни резултати. Само упоритата работа се отплаща!
</div>"
"4d64e479-1ddf-4e5f-a03d-c2f0e547f0bb","default","

### При затруднение се свържи с мен за помощ, ще се заема с казуса ти директно, без да губиш време!
<hr style=""margin-block: 15px""/>

Последвай ме за ексклузивно съдържание: [YouTube](https://www.youtube.com/@imnextgen), [Facebook](https://facebook.com/profile.php?id=61567018724381), [Instagram](https://instagram.com/im.nextgen), [TikTok](https://tiktok.com/@imnextgen), [LinkedIn](https://linkedin.com/company/imnextgen), [X](https://x.com/im_nextgen), [Viber](https://invite.viber.com/?g2=AQAbGQwjGOoaMlRza0IbeKRc25gijrgxxdJtuH61vlUbSDJPKZ401GL%2FwKxg7eyX)
<br/>
<br/>

Влез в slack, за да задаваш въпроси директно към останалите в групата или директно към менторите:
[Slack](https://join.slack.com/t/imnextgenacademy/shared_invite/zt-3276dbqfk-GXcrwrVw9HnGUObqKLhJ6w)
<br/>
<br/>

<div style=""background-color: #f8f7f5; color: #555555; border-left: solid 5px #5C45FD; padding-inline: 1rem; padding-block: 0.5rem "">
    <strong>Отказ от отговорност по отношение на успех</strong> Материалите от нашия курс се предоставят само с образователна цел и не гарантират успех. Резултатите са различни и зависят от индивидуалните усилия и обстоятелства. Показаните примери не са типични и няма гаранция, че ще постигнете подобни резултати. Само упоритата работа се отплаща!
</div>"
"4e79bd52-626c-4bb7-8b45-1de9d5c399ff","resource-blogs-stack-overflow","<br/>
Stack Overflow е най-голямата общност за програмисти, където можеш да задаваш въпроси и да намираш отговори, свързани с HTML, CSS, JavaScript и много други технологии. Това е незаменим ресурс за решаване на проблеми и обмяна на знания между разработчици по целия свят.<br/><br/>
👉 Виж повече [ТУК](https://stackoverflow.com)<br/><br/>

### При затруднение се свържи с мен за помощ, ще се заема с казуса ти директно, без да губиш време!
<hr style=""margin-block: 15px""/>

1. Последвай ме за ексклузивно съдържание: [YouTube](""https://www.youtube.com/@marto171""), [Instagram](""https://www.instagram.com/marto_171"")<br/><br/>

<div style=""background-color: #f8f7f5; color: #555555; border-left: solid 5px #5C45FD; padding-inline: 1rem; padding-block: 0.5rem "">
    <strong>Отказ от отговорност по отношение на успех</strong> Материалите от нашия курс се предоставят само с образователна цел и не гарантират успех. Резултатите са различни и зависят от индивидуалните усилия и обстоятелства. Показаните примери не са типични и няма гаранция, че ще постигнете подобни резултати. Само упоритата работа се отплаща!
</div>"
"4ebea56e-69b1-4222-9db1-bfc4b3f6121c","resource-design-one-page-love","<br/>
One Page Love е още една страхотна галерия с красиви уебсайтове, организирани в множество категории. Специализирана в едностранични сайтове, тази платформа е чудесен ресурс за вдъхновение при създаване на минималистични и ефективни уеб дизайни.<br/><br/>
👉 Виж повече [ТУК](https://onepagelove.com/)<br/><br/>

### При затруднение се свържи с мен за помощ, ще се заема с казуса ти директно, без да губиш време!
<hr style=""margin-block: 15px""/>

1. Последвай ме за ексклузивно съдържание: [YouTube](""https://www.youtube.com/@marto171""), [Instagram](""https://www.instagram.com/marto_171"")<br/><br/>

<div style=""background-color: #f8f7f5; color: #555555; border-left: solid 5px #5C45FD; padding-inline: 1rem; padding-block: 0.5rem "">
    <strong>Отказ от отговорност по отношение на успех</strong> Материалите от нашия курс се предоставят само с образователна цел и не гарантират успех. Резултатите са различни и зависят от индивидуалните усилия и обстоятелства. Показаните примери не са типични и няма гаранция, че ще постигнете подобни резултати. Само упоритата работа се отплаща!
</div>"
"50570791-3759-4e9f-94f0-2151bab69090","js-challenge-7","<br />
Веско иска да подобриш неговия калкулатор за бонуси, използвайки нови правила — добави 18% бонус от сметката, ако стойността на сметката е между 60 и 350, а ако стойността е извън тези граници, бонусът да е 22%.

### Задача

1. Напиши функция calcBonus, която приема всякаква стойност на сметката като вход и връща съответния бонус, изчислен на базата на горните правила. Използвай типа функция, който ти харесва най-много. Тествай функцията с примерна стойност на сметката 140.<br /><br />

2. Сега да използваме масиви! Създай масив, наречен accounts, съдържащ следните тестови данни.<br /><br />

3. Създай масив, наречен bonuses, съдържащ стойността на бонуса за всяка сметка, изчислен с функцията, която създаде преди това.<br /><br />
### Тестови данни
#### ТЕСТ ДАННИ #1
200, 620 и 55.<br /><br />

Прикачи своето готово предизвикателство [ТУК](https://classroom.google.com/w/NzA5MjE2MTM0MTAz/tc/NzEwMjA2NjkxNDU2)"
"506a4a8b-90c5-425c-b141-6a7ae91d3ab6","resource-design-landbook","<br/>
Land Book е колекция от красиви уеб дизайни, която служи като основен източник на вдъхновение за създаване на уебсайтове. Това е моят незаменим ресурс, когато търся идеи и иновации в дизайна на уеб страници.<br/><br/>
👉 Виж повече [ТУК](https://land-book.com/)<br/><br/>

### При затруднение се свържи с мен за помощ, ще се заема с казуса ти директно, без да губиш време!
<hr style=""margin-block: 15px""/>

1. Последвай ме за ексклузивно съдържание: [YouTube](""https://www.youtube.com/@marto171""), [Instagram](""https://www.instagram.com/marto_171"")<br/><br/>

<div style=""background-color: #f8f7f5; color: #555555; border-left: solid 5px #5C45FD; padding-inline: 1rem; padding-block: 0.5rem "">
    <strong>Отказ от отговорност по отношение на успех</strong> Материалите от нашия курс се предоставят само с образователна цел и не гарантират успех. Резултатите са различни и зависят от индивидуалните усилия и обстоятелства. Показаните примери не са типични и няма гаранция, че ще постигнете подобни резултати. Само упоритата работа се отплаща!
</div>"
"61f4d66d-5acd-416d-8ae5-e344f6e195ed","resource-blogs-css-tricks","<br/>
CSS Tricks е отличен ресурс с статии, ръководства и дори алманах, посветен на front-end разработката, с акцент върху CSS. Независимо дали търсиш решения на конкретни проблеми или искаш да подобриш уменията си, този сайт предлага ценна информация за всеки front-end разработчик.<br/><br/>
👉 Виж повече [ТУК](https://css-tricks.com/)<br/><br/>

### При затруднение се свържи с мен за помощ, ще се заема с казуса ти директно, без да губиш време!
<hr style=""margin-block: 15px""/>

1. Последвай ме за ексклузивно съдържание: [YouTube](""https://www.youtube.com/@marto171""), [Instagram](""https://www.instagram.com/marto_171"")<br/><br/>

<div style=""background-color: #f8f7f5; color: #555555; border-left: solid 5px #5C45FD; padding-inline: 1rem; padding-block: 0.5rem "">
    <strong>Отказ от отговорност по отношение на успех</strong> Материалите от нашия курс се предоставят само с образователна цел и не гарантират успех. Резултатите са различни и зависят от индивидуалните усилия и обстоятелства. Показаните примери не са типични и няма гаранция, че ще постигнете подобни резултати. Само упоритата работа се отплаща!
</div>"
"65ba41a7-6cee-4a94-bdfa-9975eb4c46ed","test2","### TITLE
#### SUBTITLE
<div style=""color: green;"">AAA</div>"
"6964e0bd-638e-4949-8045-e91f8f9d9157","resource-colors-coolors-contrast-checker","<br/>
Coolors Contrast Checker е инструмент, който ти помага да провериш дали два цвята имат добър контраст. Това е от съществено значение за създаване на достъпни уебсайтове, които отговарят на стандартите за четимост и визуална достъпност.<br/><br/>
👉 Виж повече [ТУК](https://coolors.co/contrast-checker)<br/><br/>

### При затруднение се свържи с мен за помощ, ще се заема с казуса ти директно, без да губиш време!
<hr style=""margin-block: 15px""/>

1. Последвай ме за ексклузивно съдържание: [YouTube](""https://www.youtube.com/@marto171""), [Instagram](""https://www.instagram.com/marto_171"")<br/><br/>

<div style=""background-color: #f8f7f5; color: #555555; border-left: solid 5px #5C45FD; padding-inline: 1rem; padding-block: 0.5rem "">
    <strong>Отказ от отговорност по отношение на успех</strong> Материалите от нашия курс се предоставят само с образователна цел и не гарантират успех. Резултатите са различни и зависят от индивидуалните усилия и обстоятелства. Показаните примери не са типични и няма гаранция, че ще постигнете подобни резултати. Само упоритата работа се отплаща!
</div>"
"78ab06fd-359a-42ea-b85d-793fd0ce5b26","js-challenge-8","<br />
Нека се върнем към сравнението на ИТМ на Мартин и Веско!<br /><br />

Този път ще използваме обекти, за да реализираме изчисленията! Помни: ИТМ = тегло / (височина * височина) (теглото в кг и височината в метри).

### Задача

1. За всеки от тях създай обект с характеристики за пълното им име, тегло и височина (Мартин Георгиев и Веселин Боянов). Назови тези обекти като martin и vesko, а техните свойства точно като fullName, mass и height.<br /><br />

2. Създай метод calcBMI за всеки обект, който да изчислява ИТМ (същият метод и за двата обекта). Присвой стойността на ИТМ на свойство, наречено bmi (с малки букви), и също така я върни от метода.<br /><br />

3. Изведи в конзолата кой има по-висок ИТМ, заедно с пълното име и съответния ИТМ. Пример: ""Веселин Боянов има по-висок ИТМ (29.1) от Мартин Георгиев (24.7)!"".<br /><br />
### Тестови данни
#### ТЕСТ ДАННИ #1
Мартин тежи 85 кг и е висок 1.76 м. Веско тежи 95 кг и е висок 1.88 м.<br /><br />

Прикачи своето готово предизвикателство [ТУК](https://classroom.google.com/w/NzA5MjE2MTM0MTAz/tc/NzEwMjA2NjkxNDU2)"
"7a11f11f-e7b5-47a6-9e85-78e66a6d805f","resource-css-tutplus","<br/>
30 CSS Selectors от Tutplus е удобен списък с най-важните 30 CSS селектори, които често използвам. Тази справка е изключително полезна за бързо запаметяване и прилагане на основните селектори. Препоръчвам ти да я прегледаш, за да улесниш работата си с CSS селектори.<br/><br/>
👉 Виж повече [ТУК](https://webdesign.tutsplus.com/the-30-css-selectors-you-must-memorize--net-16048t)<br/><br/>

### При затруднение се свържи с мен за помощ, ще се заема с казуса ти директно, без да губиш време!
<hr style=""margin-block: 15px""/>

1. Последвай ме за ексклузивно съдържание: [YouTube](""https://www.youtube.com/@marto171""), [Instagram](""https://www.instagram.com/marto_171"")<br/><br/>

<div style=""background-color: #f8f7f5; color: #555555; border-left: solid 5px #5C45FD; padding-inline: 1rem; padding-block: 0.5rem "">
    <strong>Отказ от отговорност по отношение на успех</strong> Материалите от нашия курс се предоставят само с образователна цел и не гарантират успех. Резултатите са различни и зависят от индивидуалните усилия и обстоятелства. Показаните примери не са типични и няма гаранция, че ще постигнете подобни резултати. Само упоритата работа се отплаща!
</div>"
"7fc26588-1bad-452c-9a54-a9d69540aa45","resource-css-hated","<br/>
""CSS for People Who Hate CSS"" е отличен наръчник, който предлага съвети за писане на по-добър, чист и по-лесно използваем CSS код. Авторът споделя подходи за оптимизиране на стилизирането, които могат да улеснят работата дори на тези, които не обичат CSS. Препоръчвам го като полезен ресурс за подобряване на уменията в писането на CSS код.<br/><br/>
👉 Виж повече [ТУК](https://paulcpederson.com/articles/css-for-people-who-hate-css/)<br/><br/>

### При затруднение се свържи с мен за помощ, ще се заема с казуса ти директно, без да губиш време!
<hr style=""margin-block: 15px""/>

1. Последвай ме за ексклузивно съдържание: [YouTube](""https://www.youtube.com/@marto171""), [Instagram](""https://www.instagram.com/marto_171"")<br/><br/>

<div style=""background-color: #f8f7f5; color: #555555; border-left: solid 5px #5C45FD; padding-inline: 1rem; padding-block: 0.5rem "">
    <strong>Отказ от отговорност по отношение на успех</strong> Материалите от нашия курс се предоставят само с образователна цел и не гарантират успех. Резултатите са различни и зависят от индивидуалните усилия и обстоятелства. Показаните примери не са типични и няма гаранция, че ще постигнете подобни резултати. Само упоритата работа се отплаща!
</div>"
"80cbdd53-b70a-4679-a850-d8f9f104797d","free-crash-course-meetings","

### При затруднение се свържи с мен за помощ, ще се заема с казуса ти директно, без да губиш време!
<hr style=""margin-block: 15px""/>

Безплатна консултация от тук:
[I&M NextGen Academy Book A Call](https://academy.imnextgen.bg/meetings/create)
<br/>
<br/>

<div style=""background-color: #f8f7f5; color: #555555; border-left: solid 5px #5C45FD; padding-inline: 1rem; padding-block: 0.5rem "">
    <strong>Отказ от отговорност по отношение на успех</strong> Материалите от нашия курс се предоставят само с образователна цел и не гарантират успех. Резултатите са различни и зависят от индивидуалните усилия и обстоятелства. Показаните примери не са типични и няма гаранция, че ще постигнете подобни резултати. Само упоритата работа се отплаща!
</div>"
"919c1021-e921-48b6-b6ce-634137f718b6","js-challenge-4","### Задача

Веско се нуждае от много прост калкулатор за бакшиш, когато отива да яде в ресторант. В неговата страна е обичайно да се дава бакшиш от 15%, ако стойността на сметката е между 50 и 300. Ако стойността е различна, бакшишът е 20%.<br /><br />

Твоите задачи:<br /><br />

Изчисли бакшиша в зависимост от стойността на сметката. Създай променлива, наречена ""бакшиш"" за това. Не е позволено да се използва операторът if...else (ако ти е по-лесно, можеш да започнеш с if...else оператор, след което да го преобразуваш в тернарен оператор).<br /><br />

Принтирай в конзолата низ, съдържащ стойността на сметката, бакшиша и крайната стойност (сметка + бакшиш).
### Пример
Сметката беше 275, бакшишът беше 41.25, а крайната стойност 316.25.<br /><br />

Забележка: Използвай стойностите на променливите за сметката и бакшиша, за да конструираш този низ. Не вкарвай стойностите ръчно 🙂<br /><br />

### Тестови данни
#### ТЕСТ ДАННИ #1
Делфините имат оценки 93, 104 и 87. Коалите имат оценки 81, 98 и 116.<br /><br />

### Съвети
За да изчислиш 20% от стойност, просто я умножи по 20/100 = 0.2<br /><br />

Стойност X е между 50 и 300, ако е >= 50 && <= 300 😉<br /><br />

Прикачи своето готово предизвикателство [ТУК](https://classroom.google.com/w/NzA5MjE2MTM0MTAz/tc/NzEwMjA2NjkxNDU2)"
"a0583736-a3e9-4637-a04d-ad70a378b4a4","resource-assets-unsplash","<br/>
Unsplash е моят основен ресурс за безплатни, висококачествени снимки с висока резолюция. Тук можеш да намериш безброй изображения, подходящи за всякакви проекти – от уеб дизайн до маркетингови материали. Библиотеката е огромна и предлага невероятни визуални ресурси.<br/><br/>
👉 Виж повече [ТУК](https://unsplash.com/)<br/><br/>

### При затруднение се свържи с мен за помощ, ще се заема с казуса ти директно, без да губиш време!
<hr style=""margin-block: 15px""/>

1. Последвай ме за ексклузивно съдържание: [YouTube](""https://www.youtube.com/@marto171""), [Instagram](""https://www.instagram.com/marto_171"")<br/><br/>

<div style=""background-color: #f8f7f5; color: #555555; border-left: solid 5px #5C45FD; padding-inline: 1rem; padding-block: 0.5rem "">
    <strong>Отказ от отговорност по отношение на успех</strong> Материалите от нашия курс се предоставят само с образователна цел и не гарантират успех. Резултатите са различни и зависят от индивидуалните усилия и обстоятелства. Показаните примери не са типични и няма гаранция, че ще постигнете подобни резултати. Само упоритата работа се отплаща!
</div>"
"a2e610df-5d70-4a35-bf1b-ab76ef7dc814","resource-css-codrops","<br/>
CSS3 Reference от Codrops е още един отличен ресурс за CSS свойства, предоставен от Codrops. Тази справка е изключително полезна и предоставя подробна информация за различни CSS свойства. Не пропускай да разгледаш и този източник за допълнителна помощ при работа с CSS.<br/><br/>
👉 Виж повече [ТУК](https://tympanus.net/codrops/css_reference/)<br/><br/>

### При затруднение се свържи с мен за помощ, ще се заема с казуса ти директно, без да губиш време!
<hr style=""margin-block: 15px""/>

1. Последвай ме за ексклузивно съдържание: [YouTube](""https://www.youtube.com/@marto171""), [Instagram](""https://www.instagram.com/marto_171"")<br/><br/>

<div style=""background-color: #f8f7f5; color: #555555; border-left: solid 5px #5C45FD; padding-inline: 1rem; padding-block: 0.5rem "">
    <strong>Отказ от отговорност по отношение на успех</strong> Материалите от нашия курс се предоставят само с образователна цел и не гарантират успех. Резултатите са различни и зависят от индивидуалните усилия и обстоятелства. Показаните примери не са типични и няма гаранция, че ще постигнете подобни резултати. Само упоритата работа се отплаща!
</div>"
"acd9b37f-1fb5-4644-b30b-337b92c708e4","resource-css-mdn","<br/>
CSS3 Reference от MDN е цялостен ресурс за всички CSS свойства. Подобно на HTML, не е необходимо да знаеш всяко свойство наизуст, тъй като тази справка е идеален помощник за бързо намиране на необходимата информация. Това улеснява процеса на работа с CSS, осигурявайки надежден източник на информация.<br/><br/>
👉 Виж повече [ТУК](https://developer.mozilla.org/en-US/docs/Web/CSS)<br/><br/>

### При затруднение се свържи с мен за помощ, ще се заема с казуса ти директно, без да губиш време!
<hr style=""margin-block: 15px""/>

1. Последвай ме за ексклузивно съдържание: [YouTube](""https://www.youtube.com/@marto171""), [Instagram](""https://www.instagram.com/marto_171"")<br/><br/>

<div style=""background-color: #f8f7f5; color: #555555; border-left: solid 5px #5C45FD; padding-inline: 1rem; padding-block: 0.5rem "">
    <strong>Отказ от отговорност по отношение на успех</strong> Материалите от нашия курс се предоставят само с образователна цел и не гарантират успех. Резултатите са различни и зависят от индивидуалните усилия и обстоятелства. Показаните примери не са типични и няма гаранция, че ще постигнете подобни резултати. Само упоритата работа се отплаща!
</div>"
"b0023793-2d7a-467b-bd98-6ad1ea5773d0","resource-icons-hero-icons","<br/>
Hero Icons е набор от 230 икони, налични в два стила – контурен и плътен. Иконите са най-подходящи за използване с размер 24x24 px и са идеални за съвременни потребителски интерфейси и уеб проекти. Този ресурс е отличен за създаване на чисти икони с професионален вид.<br/><br/>
👉 Виж повече [ТУК](https://heroicons.com/)<br/><br/>

### При затруднение се свържи с мен за помощ, ще се заема с казуса ти директно, без да губиш време!
<hr style=""margin-block: 15px""/>

1. Последвай ме за ексклузивно съдържание: [YouTube](""https://www.youtube.com/@marto171""), [Instagram](""https://www.instagram.com/marto_171"")<br/><br/>

<div style=""background-color: #f8f7f5; color: #555555; border-left: solid 5px #5C45FD; padding-inline: 1rem; padding-block: 0.5rem "">
    <strong>Отказ от отговорност по отношение на успех</strong> Материалите от нашия курс се предоставят само с образователна цел и не гарантират успех. Резултатите са различни и зависят от индивидуалните усилия и обстоятелства. Показаните примери не са типични и няма гаранция, че ще постигнете подобни резултати. Само упоритата работа се отплаща!
</div>
"
"b8783acd-f55b-44c9-83d2-4742804b196f","resource-icons-ionicons","<br/>
Ionicons е красив и закръглен набор от икони, който е изключително лесен за използване и е напълно безплатен, дори за търговска употреба. Този ресурс е идеален за създаване на елегантни и модерни интерфейси без допълнителни разходи<br/><br/>
👉 Виж повече [ТУК](https://ionic.io/ionicons)<br/><br/>

### При затруднение се свържи с мен за помощ, ще се заема с казуса ти директно, без да губиш време!
<hr style=""margin-block: 15px""/>

1. Последвай ме за ексклузивно съдържание: [YouTube](""https://www.youtube.com/@marto171""), [Instagram](""https://www.instagram.com/marto_171"")<br/><br/>

<div style=""background-color: #f8f7f5; color: #555555; border-left: solid 5px #5C45FD; padding-inline: 1rem; padding-block: 0.5rem "">
    <strong>Отказ от отговорност по отношение на успех</strong> Материалите от нашия курс се предоставят само с образователна цел и не гарантират успех. Резултатите са различни и зависят от индивидуалните усилия и обстоятелства. Показаните примери не са типични и няма гаранция, че ще постигнете подобни резултати. Само упоритата работа се отплаща!
</div>"
"b88f529f-4945-4884-acad-d81323498e48","resource-design-dribble","<br/>
Dribbble е едно от най-известните места за откриване на дизайнерско вдъхновение, не само за уеб дизайн, но и за всякакви креативни проекти. Платформата събира творци от цял свят, които споделят своите идеи и дизайни, правейки я идеален източник на вдъхновение.<br/><br/>
👉 Виж повече [ТУК](https://dribbble.com/)<br/><br/>

### При затруднение се свържи с мен за помощ, ще се заема с казуса ти директно, без да губиш време!
<hr style=""margin-block: 15px""/>

1. Последвай ме за ексклузивно съдържание: [YouTube](""https://www.youtube.com/@marto171""), [Instagram](""https://www.instagram.com/marto_171"")<br/><br/>

<div style=""background-color: #f8f7f5; color: #555555; border-left: solid 5px #5C45FD; padding-inline: 1rem; padding-block: 0.5rem "">
    <strong>Отказ от отговорност по отношение на успех</strong> Материалите от нашия курс се предоставят само с образователна цел и не гарантират успех. Резултатите са различни и зависят от индивидуалните усилия и обстоятелства. Показаните примери не са типични и няма гаранция, че ще постигнете подобни резултати. Само упоритата работа се отплаща!
</div>"
"bb63488a-42c4-4e7a-a95f-51b3bb59f327","resource-js-mdn","<br/>
JavaScript Reference от MDN е още една полезна справка, този път за JavaScript. Този ресурс е предназначен за по-напреднали разработчици и предлага пълна информация за синтаксиса, обектите и функциите в JavaScript. Препоръчвам го за всеки, който иска да задълбочи познанията си в езика.<br/><br/>
👉 Виж повече [ТУК](https://developer.mozilla.org/en-US/docs/Web/JavaScript)<br/><br/>

### При затруднение се свържи с мен за помощ, ще се заема с казуса ти директно, без да губиш време!
<hr style=""margin-block: 15px""/>

1. Последвай ме за ексклузивно съдържание: [YouTube](""https://www.youtube.com/@marto171""), [Instagram](""https://www.instagram.com/marto_171"")<br/><br/>

<div style=""background-color: #f8f7f5; color: #555555; border-left: solid 5px #5C45FD; padding-inline: 1rem; padding-block: 0.5rem "">
    <strong>Отказ от отговорност по отношение на успех</strong> Материалите от нашия курс се предоставят само с образователна цел и не гарантират успех. Резултатите са различни и зависят от индивидуалните усилия и обстоятелства. Показаните примери не са типични и няма гаранция, че ще постигнете подобни резултати. Само упоритата работа се отплаща!
</div>"
"bbb7d8fe-bcc7-4cb7-9beb-6fc9209d2985","js-challenge-3","### Задача

Има два отбора по гимнастика: Делфини и Коали. Те се състезават един срещу друг 3 пъти. Победителят с най-високата средна оценка печели трофея!<br/><br/>

Вашите задачи:<br/><br/>

Изчислете средната оценка за всеки отбор, като използвате включените тестови данни по-долу. Средната оценка за отбора Делфини трябва да се присвои на променливата scoreDolphins, а средната оценка за отбора Коали трябва да се присвои на променливата scoreKoalas.<br/><br/>

Сравнете средните оценки на двата отбора, за да определите победителя в състезанието, и изведете на конзолата:<br/><br/>

„Делфините печелят трофея“, ако Делфините спечелят, или<br/><br/>

„Коалите печелят трофея“, ако Коалите спечелят, или<br/><br/>

„И двата отбора печелят трофея“, ако средните им оценки са равни.
### Тестови данни
#### ТЕСТ ДАННИ #1

Делфините имат оценки 93, 104 и 87. Коалите имат оценки 81, 98 и 116.<br /><br />

Прикачи своето готово предизвикателство [ТУК](https://classroom.google.com/w/NzA5MjE2MTM0MTAz/tc/NzEwMjA2NjkxNDU2)"
"ccf9173d-da4f-4b46-9a20-8fa98b4955e0","resource-fonts-pocket-guide","<br/>
A Pocket Guide to Typography е невероятен ресурс за всеки, който иска да научи основите на типографията. Този наръчник ще ти помогне да овладееш основните принципи на типографията за по-малко от 30 минути. Перфектен за дизайнери и разработчици, които искат да подобрят типографската визия на своите проекти.<br/><br/>
👉 Виж повече [ТУК](http://www.typogui.de/)<br/><br/>

### При затруднение се свържи с мен за помощ, ще се заема с казуса ти директно, без да губиш време!
<hr style=""margin-block: 15px""/>

1. Последвай ме за ексклузивно съдържание: [YouTube](""https://www.youtube.com/@marto171""), [Instagram](""https://www.instagram.com/marto_171"")<br/><br/>

<div style=""background-color: #f8f7f5; color: #555555; border-left: solid 5px #5C45FD; padding-inline: 1rem; padding-block: 0.5rem "">
    <strong>Отказ от отговорност по отношение на успех</strong> Материалите от нашия курс се предоставят само с образователна цел и не гарантират успех. Резултатите са различни и зависят от индивидуалните усилия и обстоятелства. Показаните примери не са типични и няма гаранция, че ще постигнете подобни резултати. Само упоритата работа се отплаща!
</div>"
"cf284d8b-dfe7-4272-ae22-b7bdab9a5f3b","free-crash-course-exam","

### При затруднение се свържи с мен за помощ, ще се заема с казуса ти директно, без да губиш време!
<hr style=""margin-block: 15px""/>

Започни изпита от 
[ТУК](                            https://www.testportal.net/test.html?t=kARBHLWr8bPs                        )
<br/>
<br/>

<div style=""background-color: #f8f7f5; color: #555555; border-left: solid 5px #5C45FD; padding-inline: 1rem; padding-block: 0.5rem "">
    <strong>Отказ от отговорност по отношение на успех</strong> Материалите от нашия курс се предоставят само с образователна цел и не гарантират успех. Резултатите са различни и зависят от индивидуалните усилия и обстоятелства. Показаните примери не са типични и няма гаранция, че ще постигнете подобни резултати. Само упоритата работа се отплаща!
</div>"
"d44a6a01-5e5a-43a8-b711-38b1203a2698","resource-html-css-tricks","<br/>
HTML Entity Reference от CSS-Tricks е изключително полезен ресурс, който предоставя информация за HTML ентитети. Той включва имената на ентитетите, техните числови и хексадецимални кодове, както и ISO кодовете. Това го прави удобен за бързо намиране и използване на специални символи в HTML.<br/><br/>
👉 Виж повече [ТУК](https://css-tricks.com/html-is-not-a-programming-language)<br/><br/>

### При затруднение се свържи с мен за помощ, ще се заема с казуса ти директно, без да губиш време!
<hr style=""margin-block: 15px""/>

1. Последвай ме за ексклузивно съдържание: [YouTube](""https://www.youtube.com/@marto171""), [Instagram](""https://www.instagram.com/marto_171"")<br/><br/>

<div style=""background-color: #f8f7f5; color: #555555; border-left: solid 5px #5C45FD; padding-inline: 1rem; padding-block: 0.5rem "">
    <strong>Отказ от отговорност по отношение на успех</strong> Материалите от нашия курс се предоставят само с образователна цел и не гарантират успех. Резултатите са различни и зависят от индивидуалните усилия и обстоятелства. Показаните примери не са типични и няма гаранция, че ще постигнете подобни резултати. Само упоритата работа се отплаща!
</div>"
"d9c74ea8-c58f-485e-a028-25749b852f4b","welcome","### Твоите задачи
<hr style=""margin-block: 15px""/>
1. Изтегли долните файлове 👇
"
"d9fe8218-f50b-43e4-a34e-5eae5ef6ae5a","resource-assets-pexels","<br/>
Pexels е още един чудесен ресурс за безплатни стокови снимки и видеа, създадени от фотографи от цял свят. Тази платформа предлага разнообразие от визуални материали, които можеш да използваш за всякакви проекти, без ограничения.<br/><br/>
👉 Виж повече [ТУК](https://www.pexels.com/)<br/><br/>

### При затруднение се свържи с мен за помощ, ще се заема с казуса ти директно, без да губиш време!
<hr style=""margin-block: 15px""/>

1. Последвай ме за ексклузивно съдържание: [YouTube](""https://www.youtube.com/@marto171""), [Instagram](""https://www.instagram.com/marto_171"")<br/><br/>

<div style=""background-color: #f8f7f5; color: #555555; border-left: solid 5px #5C45FD; padding-inline: 1rem; padding-block: 0.5rem "">
    <strong>Отказ от отговорност по отношение на успех</strong> Материалите от нашия курс се предоставят само с образователна цел и не гарантират успех. Резултатите са различни и зависят от индивидуалните усилия и обстоятелства. Показаните примери не са типични и няма гаранция, че ще постигнете подобни резултати. Само упоритата работа се отплаща!
</div>"
"da0237b0-771e-4f91-911d-3a759adec43a","js-challenge-2","### Задача

Има два отбора по гимнастика: Делфини и Коали. Те се състезават един срещу друг 3 пъти. Победителят с най-високата средна оценка печели трофея!

Вашите задачи:<br /><br />

Изчислете средната оценка за всеки отбор, като използвате включените тестови данни по-долу. Средната оценка за отбора Делфини трябва да се присвои на променливата scoreDolphins, а средната оценка за отбора Коали трябва да се присвои на променливата scoreKoalas.<br /><br />


Сравнете средните оценки на двата отбора, за да определите победителя в състезанието, и изведете на конзолата:<br /><br />


„Делфините печелят трофея“, ако Делфините спечелят, или<br /><br />


„Коалите печелят трофея“, ако Коалите спечелят, или<br /><br />


„И двата отбора печелят трофея“, ако средните им оценки са равни.
### Тестови данни
#### ТЕСТ ДАННИ #1

Делфините имат оценки 93, 104 и 87. Коалите имат оценки 81, 98 и 116.<br /><br />

Прикачи своето готово предизвикателство [ТУК](https://classroom.google.com/w/NzA5MjE2MTM0MTAz/tc/NzEwMjA2NjkxNDU2)"
"e096ca9e-857a-423d-b6df-c8d0bd92fdca","resource-assets-ui-faces","<br/>
UI Faces предоставя снимки на аватари, идеални за макети или за временно запълване на място в дизайни. Тези изображения са страхотни за демонстрации, но не ги използвай за реални хора. Инструментът е отличен за визуализиране на потребителски интерфейси с реалистични профилни снимки.<br/><br/>
👉 Виж повече [ТУК](https://uifaces.co/)<br/><br/>

### При затруднение се свържи с мен за помощ, ще се заема с казуса ти директно, без да губиш време!
<hr style=""margin-block: 15px""/>

1. Последвай ме за ексклузивно съдържание: [YouTube](""https://www.youtube.com/@marto171""), [Instagram](""https://www.instagram.com/marto_171"")<br/><br/>

<div style=""background-color: #f8f7f5; color: #555555; border-left: solid 5px #5C45FD; padding-inline: 1rem; padding-block: 0.5rem "">
    <strong>Отказ от отговорност по отношение на успех</strong> Материалите от нашия курс се предоставят само с образователна цел и не гарантират успех. Резултатите са различни и зависят от индивидуалните усилия и обстоятелства. Показаните примери не са типични и няма гаранция, че ще постигнете подобни резултати. Само упоритата работа се отплаща!
</div>
"
"e20d9ca0-099e-41f2-a829-5123cbcc600c","js-challenge-10","<br />Да продължим с нашето приложение за футболни залагания!

### Задача

1. Използвай цикъл, за да обходиш масива game.scored и отпечатай всяко име на играч в конзолата, заедно с номера на гола (Пример: ""Goal 1: Lewandowski"").<br /><br />

2. Използвай цикъл, за да изчислиш средния коефициент и го отпечатай в конзолата. (Вече сме изучавали как се изчислява средна стойност, можеш да провериш, ако не си спомняш).<br /><br />

3. Отпечатай трите коефициента в конзолата в добре форматиран вид, точно както следва:<br />
   Odd of victory Real Madrid: 2.50 <br />
   Odd of draw: 5.50<br />
   Odd of victory FC Barcelona: 3.75<br />

Вземи имената на отборите директно от обекта game, не ги хардкодвай (с изключение на ""draw"").<br /><br />

### БОНУС:

Създай обект, наречен 'scorers', който съдържа имената на играчите, които са вкарали голове, като свойства, а като стойност – броя на отбелязаните голове. В този мач обектът ще изглежда така: <br /><br />
{
  Raphinha: 1,
  Yamal: 1,
  Lewandowski: 2
}<br /><br />"
"f1ccb3b6-fdc1-4357-88a4-6a0ebcf1dc45","default-file","<p style=""font-size: 0.9rem; margin-top: 1rem""><em>Прикачи своето готово предизвикателство <a href=""https://classroom.google.com/w/NzA5MjE2MTM0MTAz/tc/NzEwMjA2NjkxNDU2"">ТУК</a></em></p>

### При затруднение се свържи с мен за помощ, ще се заема с казуса ти директно, без да губиш време!
<hr style=""margin-block: 15px""/>

1. Последвай ме за ексклузивно съдържание: [YouTube](""https://www.youtube.com/@marto171""), [Instagram](""https://www.instagram.com/marto_171"")
<br/>
<br/>

<div style=""background-color: #f8f7f5; color: #555555; border-left: solid 5px #5C45FD; padding-inline: 1rem; padding-block: 0.5rem "">
    <strong>Отказ от отговорност по отношение на успех</strong> Материалите от нашия курс се предоставят само с образователна цел и не гарантират успех. Резултатите са различни и зависят от индивидуалните усилия и обстоятелства. Показаните примери не са типични и няма гаранция, че ще постигнете подобни резултати. Само упоритата работа се отплаща!
</div>"